"Symbol","Sentiment","TotalAmount","DailyAmount Change","AtAsk","AtBid","NetValue","DPTrades","BlockTrades"
"SPY","","5.57B","-24.52%","3.66B","1.78B","1.88B","78","123"
"TSLA","","2.95B","-49.07%","989.5M","962.48M","27.02M","1254","3839"
"NVDA","","2.4B","-46.33%","956.48M","882.27M","74.2M","381","2347"
"QQQ","","1.08B","-67.36%","855.66M","128.13M","727.52M","50","90"
"AAPL","","908.77M","-33.78%","367.03M","175.61M","191.42M","274","1083"
"MSFT","","687.63M","-72.58%","432.24M","141.92M","290.32M","94","351"
"AMZN","","564.95M","-57.66%","226.01M","145.64M","80.37M","186","636"
"IWM","","393.48M","-70.92%","67.79M","266.88M","-199.09M","25","37"
"AMD","","299.75M","-66.12%","110.44M","86.92M","23.52M","132","360"
"XOM","","255.37M","-57.05%","128.48M","109.01M","19.47M","32","64"
"TLT","","214.65M","-33.01%","53.02M","135.21M","-82.19M","18","119"
"HYG","","205.57M","-79.96%","87.29M","107.46M","-20.16M","2","46"
"META","","193.65M","-73.72%","83.21M","56.0M","27.21M","63","268"
"GOOGL","","161.1M","-68.58%","48.1M","23.46M","24.64M","65","224"
"TQQQ","","147.61M","-60.05%","35.42M","31.26M","4.15M","26","241"
"CVX","","134.48M","-60.27%","7.05M","103.62M","-96.57M","12","53"
"IWD","","122.33M","-5.37%","27.25M","77.26M","-50.01M","11","46"
"DIS","","119.64M","-58.93%","67.47M","34.82M","32.64M","26","55"
"SLF","","108.06M","3211.14%","56.6M","51.46M","5.15M","2","0"
"VTI","","103.06M","-36.98%","17.09M","45.23M","-28.14M","9","74"
"XLE","","102.99M","-45.13%","47.41M","44.87M","2.53M","9","49"
"DASH","","94.01M","14.66%","9.54M","54.63M","-45.09M","3","31"
"EFA","","93.86M","-46.48%","32.76M","48.55M","-15.8M","7","53"
"LQD","","93.64M","-84.95%","20.02M","54.77M","-34.75M","13","76"
"GOOG","","93.43M","-74.14%","42.89M","12.19M","30.7M","35","117"
"BABA","","91.15M","-72.22%","54.1M","23.33M","30.78M","27","89"
"BA","","91.04M","-48.37%","35.61M","34.62M","990.46K","17","114"
"VOO","","89.11M","-79.91%","35.72M","8.26M","27.46M","14","67"
"COIN","","88.1M","36.18%","44.24M","33.83M","10.41M","33","126"
"IVV","","87.77M","-64.71%","32.69M","35.56M","-2.88M","6","49"
"DIA","","85.98M","-26.95%","13.76M","61.86M","-48.11M","9","24"
"BIL","","84.76M","-80.71%","9.94M","38.24M","-28.29M","0","88"
"NVO","","84.15M","112.34%","5.49M","69.96M","-64.47M","14","33"
"AMGN","","81.83M","12.33%","77.7M","1.83M","75.87M","2","18"
"EWZ","","81.04M","15.53%","58.71M","20.57M","38.14M","6","17"
"AGG","","78.59M","-62.79%","33.28M","7.8M","25.48M","3","86"
"VIG","","77.73M","-14.48%","12.75M","59.94M","-47.2M","4","25"
"MA","","75.79M","1.56%","66.09M","4.12M","61.97M","6","17"
"NFLX","","72.43M","-26.26%","50.62M","15.13M","35.49M","9","36"
"BND","","67.5M","-52.76%","28.56M","22.31M","6.25M","2","46"
"CRM","","65.66M","-20.33%","16.09M","18.18M","-2.1M","3","32"
"MUB","","65.51M","-62.56%","7.51M","30.3M","-22.8M","6","41"
"WMT","","63.48M","-61.04%","21.24M","17.49M","3.75M","12","99"
"PANW","","63.19M","-67.44%","24.06M","16.51M","7.54M","9","69"
"HYD","","63.06M","302.22%","2.42M","60.34M","-57.92M","3","5"
"IWF","","61.45M","-29.57%","18.88M","33.95M","-15.07M","5","30"
"SCHD","","60.61M","-1.2%","27.52M","25.56M","1.96M","4","25"
"NEM","","57.3M","30.96%","2.31M","53.35M","-51.04M","7","8"
"LLY","","56.82M","-56.56%","37.7M","12.89M","24.81M","7","42"
"IEFA","","56.61M","-32.78%","22.99M","20.56M","2.43M","1","56"
"AVGO","","55.97M","-66.31%","34.17M","8.01M","26.17M","9","11"
"SQ","","53.61M","-14.4%","26.27M","22.84M","3.42M","24","28"
"KVUE","","52.64M","81.54%","6.24M","35.73M","-29.49M","5","29"
"IEF","","52.03M","-25.31%","7.26M","33.23M","-25.98M","0","50"
"FXI","","51.98M","-24.74%","22.36M","29.3M","-6.95M","2","14"
"SMCI","","50.64M","-51.98%","18.53M","24.12M","-5.59M","6","81"
"ADBE","","48.67M","-66.7%","9.25M","33.87M","-24.62M","3","12"
"IJH","","48.23M","13.95%","4.66M","33.84M","-29.18M","2","24"
"VTV","","47.83M","-42.58%","7.24M","29.83M","-22.6M","8","31"
"WFC","","46.57M","-67.53%","39.48M","3.4M","36.08M","3","25"
"HD","","45.48M","-64.13%","11.17M","30.96M","-19.79M","3","29"
"SQQQ","","44.71M","-70.21%","14.63M","9.11M","5.52M","3","96"
"BAC","","44.57M","-81.92%","12.24M","23.28M","-11.04M","9","47"
"VCIT","","44.55M","-61.72%","2.19M","36.77M","-34.57M","2","17"
"VB","","43.26M","146.34%","41.25M","934.69K","40.32M","2","14"
"BDX","","43.0M","23.93%","1.92M","36.23M","-34.32M","0","11"
"V","","42.98M","-80.17%","16.1M","20.93M","-4.82M","7","43"
"SRE","","42.17M","45.13%","39.0M","307.65K","38.69M","0","7"
"PCG","","41.96M","-1.64%","37.75M","0","37.75M","0","9"
"USFR","","41.64M","-61.19%","9.25M","3.01M","6.24M","0","59"
"FRT","","41.58M","272.17%","0","41.58M","-41.58M","2","0"
"PDD","","41.39M","-77.68%","11.41M","19.26M","-7.85M","9","41"
"VUG","","41.12M","-21.76%","26.56M","4.4M","22.16M","2","29"
"XLV","","40.88M","-63.12%","21.97M","3.16M","18.81M","4","41"
"JNJ","","40.65M","-69.29%","15.26M","6.5M","8.76M","10","46"
"XLK","","40.52M","-73.75%","29.08M","4.18M","24.9M","10","24"
"T","","40.31M","-55.52%","860.21K","32.51M","-31.65M","5","18"
"TMO","","39.88M","-43.7%","9.52M","15.03M","-5.51M","3","19"
"PLTR","","39.77M","-73.37%","12.17M","20.08M","-7.91M","28","62"
"OXY","","39.74M","32.35%","3.71M","33.57M","-29.86M","4","25"
"DE","","39.02M","-54.26%","16.4M","10.23M","6.17M","1","46"
"BXSL","","38.58M","38.77%","0","38.58M","-38.58M","1","0"
"UBER","","38.47M","-83.19%","10.5M","11.4M","-900.75K","8","54"
"SHV","","38.24M","-60.7%","10.35M","10.75M","-405.77K","0","47"
"CSCO","","38.09M","-68.88%","23.95M","4.48M","19.47M","2","42"
"HSY","","37.54M","323.64%","26.16M","11.38M","14.78M","1","10"
"LIVN","","37.5M","1462.56%","37.5M","0","37.5M","0","1"
"SHOP","","37.3M","-39.41%","6.81M","5.69M","1.12M","6","50"
"EEM","","36.94M","-82.84%","22.22M","11.16M","11.07M","1","29"
"INTC","","36.74M","-75.36%","7.11M","12.86M","-5.74M","8","38"
"TSM","","36.24M","-30.37%","8.59M","3.25M","5.35M","8","33"
"SBUX","","35.7M","-36.12%","2.5M","31.74M","-29.24M","3","12"
"UNH","","35.45M","-73.36%","30.27M","2.77M","27.51M","2","17"
"GM","","34.26M","-47.4%","5.02M","7.24M","-2.22M","11","29"
"PG","","33.84M","-77.84%","19.32M","10.62M","8.7M","1","31"
"NKE","","33.55M","-27.75%","27.14M","3.76M","23.38M","6","11"
"BRK/B","","33.41M","-91.91%","24.08M","6.17M","17.91M","7","31"
"BIV","","33.18M","-15.75%","649.29K","32.53M","-31.88M","0","3"
"PYPL","","32.91M","-51.21%","9.05M","19.25M","-10.2M","14","27"
"PFE","","32.47M","-51.86%","8.86M","15.88M","-7.01M","9","44"
"APO","","32.39M","-39.53%","1.24M","2.09M","-856.4K","2","17"
"IEMG","","32.27M","-63.74%","10.63M","15.37M","-4.74M","1","21"
"GLD","","31.98M","-84.49%","7.26M","10.11M","-2.85M","9","34"
"VALE","","31.86M","-75.44%","18.81M","8.32M","10.49M","0","15"
"AMAT","","31.71M","-71.54%","12.9M","1.56M","11.34M","6","12"
"JPM","","31.01M","-78.85%","8.92M","12.61M","-3.69M","10","46"
"UPS","","30.38M","-73.84%","17.14M","9.99M","7.15M","11","25"
"ORCL","","30.26M","-58.71%","6.3M","23.17M","-16.86M","2","7"
"XBI","","30.13M","-39.95%","17.59M","6.42M","11.17M","12","24"
"KWEB","","29.93M","-54.31%","3.26M","26.32M","-23.06M","3","6"
"DUK","","29.92M","-32.84%","26.9M","2.03M","24.87M","6","14"
"CRWD","","29.38M","19.8%","5.3M","19.97M","-14.66M","5","25"
"SNOW","","29.26M","13.0%","17.55M","5.66M","11.89M","6","36"
"EOG","","29.22M","-23.01%","18.26M","1.41M","16.85M","1","10"
"SE","","29.22M","-54.1%","1.8M","4.77M","-2.98M","9","35"
"MCD","","29.17M","-70.56%","15.35M","6.85M","8.5M","2","31"
"ANET","","27.47M","46.81%","23.52M","3.95M","19.57M","0","9"
"HDV","","27.42M","77.19%","1.71M","20.2M","-18.5M","2","18"
"XLF","","27.33M","-83.62%","7.52M","16.41M","-8.89M","1","22"
"KO","","27.3M","-73.87%","19.46M","1.3M","18.17M","4","37"
"PXD","","26.1M","-75.52%","9.15M","10.9M","-1.75M","8","9"
"DVN","","25.94M","-2.44%","3.44M","20.43M","-16.99M","2","19"
"VEA","","25.89M","-59.45%","2.83M","11.66M","-8.84M","0","34"
"IVE","","25.48M","10.26%","20.47M","2.07M","18.4M","2","11"
"EMR","","25.47M","38.56%","10.24M","15.23M","-4.99M","1","8"
"SMH","","25.39M","-69.45%","8.86M","12.43M","-3.57M","10","24"
"SHY","","25.38M","-77.34%","9.41M","4.35M","5.06M","1","37"
"VCSH","","25.35M","-85.67%","1.22M","16.97M","-15.75M","0","23"
"CI","","25.09M","-62.96%","4.45M","17.91M","-13.46M","2","10"
"GPI","","24.71M","668.26%","24.71M","0","24.71M","0","2"
"X","","24.62M","369.38%","20.88M","1.99M","18.89M","4","6"
"QCOM","","24.56M","-84.85%","4.93M","4.92M","10.23K","5","21"
"F","","24.54M","-44.03%","7.91M","14.96M","-7.05M","0","18"
"SNA","","24.54M","869.94%","276.18K","23.98M","-23.71M","0","6"
"MSTR","","24.41M","39.96%","10.99M","5.67M","5.32M","1","26"
"FTNT","","24.3M","10.84%","21.8M","0","21.8M","2","5"
"ARM","","24.24M","-26.63%","9.27M","9.14M","128.68K","8","55"
"AVNT","","24.09M","1661.44%","24.09M","0","24.09M","0","1"
"AJG","","24.0M","-28.15%","15.78M","3.64M","12.14M","0","7"
"ARKK","","23.85M","-56.18%","10.55M","8.93M","1.61M","7","29"
"RSP","","23.74M","-80.95%","6.31M","8.98M","-2.67M","5","26"
"VTEB","","23.25M","-76.11%","16.05M","1.22M","14.83M","2","27"
"CPRT","","23.17M","17.8%","13.86M","938.99K","12.92M","2","8"
"MCHI","","23.04M","-61.83%","23.04M","0","23.04M","2","5"
"TSN","","22.88M","169.23%","8.29M","14.59M","-6.29M","3","1"
"SPG","","22.8M","127.25%","3.69M","4.54M","-844.13K","1","15"
"DG","","22.23M","-25.19%","9.9M","11.3M","-1.41M","1","9"
"PSP","","21.9M","103.66%","21.9M","0","21.9M","0","3"
"CMG","","21.56M","-36.16%","8.56M","13.0M","-4.44M","0","3"
"VXUS","","21.36M","-51.27%","9.56M","1.46M","8.1M","0","12"
"XOP","","21.34M","-61.93%","3.83M","16.27M","-12.44M","10","10"
"SLV","","21.26M","-49.11%","18.56M","1.89M","16.67M","4","11"
"TOTL","","21.23M","84.02%","297.72K","20.93M","-20.63M","0","2"
"URI","","20.93M","-1.68%","20.24M","0","20.24M","0","5"
"ADP","","20.82M","-30.0%","1.02M","19.46M","-18.44M","1","7"
"PEP","","20.81M","-79.66%","9.48M","10.63M","-1.14M","3","15"
"IJR","","20.79M","-66.85%","3.26M","11.26M","-8.0M","4","18"
"AXP","","20.77M","-82.55%","6.82M","4.88M","1.94M","2","22"
"ABNB","","20.37M","-56.13%","13.84M","5.05M","8.79M","2","11"
"PENN","","20.29M","-0.49%","255.47K","19.53M","-19.27M","0","5"
"MRK","","20.22M","-88.48%","7.68M","8.48M","-804.48K","0","27"
"WDAY","","20.19M","46.44%","796.43K","16.86M","-16.07M","1","7"
"SPTI","","20.19M","31.0%","4.2M","15.68M","-11.48M","7","11"
"C","","20.12M","-86.92%","8.94M","9.24M","-299.33K","5","19"
"BNDX","","20.11M","-35.76%","11.43M","2.22M","9.21M","0","19"
"FCX","","20.08M","-63.39%","2.87M","16.59M","-13.72M","5","7"
"TROW","","20.07M","424.07%","19.61M","463.33K","19.14M","0","2"
"BBD","","19.99M","1398.65%","0","19.99M","-19.99M","0","1"
"MU","","19.9M","-70.2%","7.14M","4.2M","2.94M","14","34"
"MS","","19.77M","-53.61%","12.29M","4.76M","7.53M","6","17"
"NVS","","19.64M","-75.02%","19.64M","0","19.64M","1","1"
"VONV","","19.62M","-1.07%","2.09M","6.3M","-4.21M","3","8"
"IBM","","19.59M","-53.68%","8.51M","7.68M","830.83K","7","21"
"COP","","19.43M","-47.03%","7.9M","7.21M","694.56K","17","15"
"SPXL","","19.41M","-86.92%","3.12M","8.68M","-5.56M","3","26"
"IVW","","19.41M","-74.01%","1.21M","17.59M","-16.38M","0","6"
"IJK","","19.32M","287.23%","14.7M","0","14.7M","0","5"
"AON","","19.05M","-70.31%","0","19.05M","-19.05M","1","1"
"IWB","","19.04M","-46.37%","6.41M","9.83M","-3.42M","6","10"
"IUSV","","18.98M","-16.56%","6.45M","12.07M","-5.62M","3","9"
"BIDU","","18.87M","-70.35%","5.78M","11.99M","-6.21M","11","16"
"ZS","","18.67M","-11.9%","14.35M","1.98M","12.37M","2","8"
"LIN","","18.66M","-64.79%","2.01M","12.79M","-10.78M","0","10"
"VZ","","18.52M","-80.49%","5.43M","6.37M","-941.86K","4","37"
"CRH","","18.52M","-46.56%","0","3.58M","-3.58M","5","25"
"PBR","","18.35M","-29.34%","9.63M","7.23M","2.41M","1","28"
"AWK","","18.15M","-25.1%","11.91M","446.93K","11.46M","1","8"
"SWKS","","18.08M","8.08%","0","4.83M","-4.83M","0","17"
"TFLO","","17.9M","-44.35%","16.23M","0","16.23M","0","6"
"IWN","","17.84M","-12.8%","1.55M","9.04M","-7.49M","3","16"
"BMY","","17.83M","-74.25%","2.12M","7.27M","-5.15M","1","31"
"IWR","","17.82M","-40.71%","1.66M","13.52M","-11.86M","3","14"
"TV","","17.8M","116.78%","10.12M","0","10.12M","0","7"
"GDXJ","","17.79M","-57.34%","292.84K","17.25M","-16.95M","1","4"
"HES","","17.77M","-69.42%","17.11M","666.18K","16.44M","1","4"
"VT","","17.76M","-19.21%","1.1M","10.24M","-9.14M","1","24"
"VMBS","","17.65M","-54.34%","10.04M","7.01M","3.03M","0","13"
"O","","17.44M","-37.82%","14.54M","813.73K","13.72M","2","12"
"CSX","","17.38M","-72.94%","1.11M","1.84M","-722.81K","3","17"
"CDNS","","17.28M","-15.32%","8.82M","809.18K","8.01M","2","16"
"SNAP","","17.22M","79.82%","4.43M","10.58M","-6.15M","1","6"
"ACI","","16.91M","275.9%","359.65K","16.55M","-16.2M","2","1"
"NU","","16.9M","-75.35%","0","3.16M","-3.16M","0","19"
"XLI","","16.89M","-78.0%","5.94M","3.58M","2.36M","2","27"
"SPDW","","16.85M","33.2%","14.03M","0","14.03M","0","9"
"MDT","","16.73M","-55.81%","10.96M","1.12M","9.84M","5","17"
"BSV","","16.69M","-71.48%","7.88M","2.9M","4.99M","1","19"
"BRKR","","16.62M","71.66%","16.62M","0","16.62M","0","2"
"SPYV","","16.47M","-38.34%","10.34M","1.89M","8.45M","4","10"
"HPQ","","16.42M","-9.84%","16.02M","0","16.02M","0","3"
"PAYC","","16.24M","-19.09%","1.82M","0","1.82M","0","7"
"SOXL","","16.2M","-76.71%","9.21M","4.92M","4.3M","4","15"
"PRGO","","16.14M","3748.82%","16.14M","0","16.14M","0","1"
"VEU","","16.03M","-11.04%","10.41M","2.22M","8.19M","2","15"
"TXRH","","15.89M","-6.84%","15.89M","0","15.89M","0","1"
"XYL","","15.74M","125.72%","398.69K","5.47M","-5.07M","1","8"
"SCHO","","15.55M","-17.64%","1.12M","10.83M","-9.72M","0","14"
"LOW","","15.43M","-83.71%","5.38M","2.89M","2.49M","2","20"
"TNA","","15.22M","-68.96%","5.46M","4.87M","583.43K","9","28"
"TGT","","15.21M","-74.98%","7.12M","5.61M","1.51M","5","24"
"COST","","15.06M","-79.13%","8.97M","4.91M","4.06M","2","8"
"INTU","","14.98M","-57.17%","10.78M","719.66K","10.06M","0","4"
"FDN","","14.78M","174.49%","1.06M","13.41M","-12.35M","2","1"
"VHT","","14.75M","84.81%","13.69M","269.39K","13.42M","0","5"
"PULS","","14.69M","-42.78%","4.32M","9.51M","-5.19M","0","9"
"GDX","","14.58M","-68.69%","4.49M","7.29M","-2.8M","5","17"
"DTE","","14.56M","61.88%","6.15M","0","6.15M","0","11"
"SVIX","","14.5M","492.64%","0","14.5M","-14.5M","2","4"
"GE","","14.46M","-62.31%","1.85M","6.52M","-4.67M","9","14"
"MMC","","14.41M","-34.85%","1.94M","2.39M","-445.27K","0","9"
"ABBV","","14.38M","-91.83%","8.32M","2.85M","5.47M","3","17"
"CAT","","14.1M","-69.76%","10.11M","817.72K","9.29M","2","19"
"PSA","","14.08M","49.94%","12.73M","647.27K","12.08M","0","4"
"RBLX","","13.97M","-78.44%","9.66M","1.94M","7.71M","9","12"
"MNSO","","13.93M","356.55%","0","6.16M","-6.16M","1","8"
"MBB","","13.91M","-68.8%","5.05M","5.3M","-256.28K","2","14"
"PLD","","13.84M","-54.23%","10.95M","1.71M","9.24M","5","12"
"VGLT","","13.84M","-54.05%","3.71M","7.2M","-3.49M","0","12"
"MRNA","","13.79M","-40.33%","3.51M","5.96M","-2.45M","2","15"
"RIVN","","13.71M","-45.16%","5.77M","7.66M","-1.89M","9","24"
"CB","","13.7M","-41.49%","289.28K","6.31M","-6.02M","0","7"
"WSC","","13.32M","69.36%","0","4.95M","-4.95M","0","2"
"CRBG","","13.29M","-11.3%","4.9M","2.92M","1.98M","1","8"
"SPGM","","13.29M","0%","6.64M","6.64M","0.0","0","2"
"NEE","","13.15M","-80.7%","7.74M","2.97M","4.77M","8","12"
"ABT","","13.04M","-89.99%","8.31M","1.03M","7.28M","2","13"
"NOW","","13.0M","-55.46%","4.52M","7.8M","-3.28M","1","8"
"AMT","","12.99M","-72.59%","8.24M","3.73M","4.51M","1","17"
"PM","","12.87M","-51.7%","10.81M","1.21M","9.59M","2","9"
"RTX","","12.87M","-71.64%","6.61M","4.09M","2.52M","5","10"
"DHR","","12.79M","-81.48%","4.74M","2.22M","2.52M","2","13"
"DFAI","","12.74M","140.54%","11.36M","0","11.36M","0","5"
"ACLS","","12.65M","156.69%","5.54M","6.85M","-1.32M","0","12"
"VWO","","12.58M","-83.89%","1.95M","5.4M","-3.44M","0","21"
"BIIB","","12.57M","3.55%","0","10.25M","-10.25M","1","6"
"DAL","","12.56M","-54.5%","5.46M","3.47M","1.99M","4","17"
"TJX","","12.53M","-90.54%","4.78M","1.65M","3.13M","3","19"
"CELH","","12.3M","-39.0%","1.69M","0","1.69M","0","10"
"AVDX","","12.18M","54.61%","0","12.18M","-12.18M","0","1"
"SOXS","","12.16M","-54.31%","5.61M","3.04M","2.56M","1","24"
"JPST","","12.1M","-79.22%","2.27M","2.59M","-319.49K","0","14"
"CCJ","","12.04M","-47.05%","0","12.04M","-12.04M","1","2"
"XLC","","11.99M","-6.49%","7.16M","4.16M","3.0M","2","8"
"TZA","","11.97M","-52.15%","5.22M","5.78M","-556.6K","7","13"
"IYE","","11.96M","103.07%","9.68M","2.29M","7.39M","0","2"
"IP","","11.93M","100.88%","0","11.59M","-11.59M","0","4"
"IYC","","11.93M","360.55%","11.93M","0","11.93M","2","0"
"IYF","","11.88M","199.92%","11.88M","0","11.88M","1","1"
"IXUS","","11.87M","9.86%","8.25M","1.65M","6.6M","0","8"
"GOVT","","11.84M","-75.55%","6.79M","2.14M","4.65M","1","15"
"USMV","","11.84M","-64.67%","4.74M","2.46M","2.28M","3","11"
"AEE","","11.79M","296.38%","0","11.0M","-11.0M","0","4"
"ACWI","","11.77M","-86.18%","3.98M","6.64M","-2.67M","3","11"
"CHK","","11.75M","5.21%","4.19M","4.54M","-346.52K","1","3"
"IEI","","11.7M","-80.53%","1.91M","2.66M","-755.89K","6","19"
"RCL","","11.45M","-78.11%","4.31M","2.38M","1.94M","1","7"
"PTEN","","11.44M","-40.2%","11.44M","0","11.44M","1","0"
"DVY","","11.38M","38.94%","0","8.82M","-8.82M","0","8"
"TMUS","","11.33M","-76.63%","4.37M","1.14M","3.23M","1","13"
"ASH","","11.31M","1931.94%","0","0","0","0","1"
"ET","","11.27M","-21.71%","4.43M","1.72M","2.71M","1","30"
"SPYG","","11.16M","-94.23%","2.83M","6.24M","-3.42M","1","7"
"DRSK","","11.06M","892.23%","0","0","0","0","1"
"CLH","","11.04M","465.82%","0","0","0","1","0"
"ROKU","","11.03M","-58.52%","1.04M","8.86M","-7.83M","3","11"
"VGT","","10.97M","-53.66%","1.55M","5.75M","-4.2M","0","14"
"CVS","","10.95M","-78.76%","5.63M","2.25M","3.38M","2","17"
"AAL","","10.95M","-54.14%","1.52M","5.98M","-4.46M","2","16"
"OI","","10.92M","3386.82%","2.02M","0","2.02M","0","3"
"ALB","","10.8M","-58.48%","2.34M","7.84M","-5.5M","3","14"
"NTES","","10.77M","115.27%","1.58M","1.71M","-121.12K","2","8"
"MO","","10.77M","-76.54%","1.47M","4.59M","-3.11M","4","14"
"VGSH","","10.73M","-82.5%","4.44M","3.28M","1.16M","0","14"
"XLP","","10.73M","-83.69%","4.38M","3.78M","594.56K","5","13"
"XLU","","10.69M","-75.5%","5.53M","4.61M","914.64K","2","9"
"CCI","","10.66M","-68.71%","5.9M","3.76M","2.14M","2","12"
"VRTX","","10.38M","-79.77%","2.21M","633.02K","1.58M","0","10"
"FIS","","10.35M","-85.74%","9.05M","1.31M","7.74M","1","3"
"TCBI","","10.21M","204.97%","0","0","0","0","1"
"MTB","","10.2M","38.18%","677.22K","9.52M","-8.84M","0","3"
"QLD","","10.19M","-78.96%","3.01M","3.36M","-352.62K","1","9"
"AZN","","9.99M","-83.5%","1.77M","4.39M","-2.62M","3","15"
"VICI","","9.88M","-80.36%","8.36M","837.47K","7.53M","0","7"
"WRK","","9.85M","-44.52%","4.51M","4.68M","-173.38K","2","3"
"TMHC","","9.79M","506.99%","0","0","0","0","1"
"CRSP","","9.74M","-64.66%","2.94M","6.13M","-3.19M","5","12"
"KRE","","9.73M","-82.44%","761.77K","7.08M","-6.32M","2","11"
"XLG","","9.64M","53.32%","8.64M","498.38K","8.15M","0","3"
"FEZ","","9.61M","4.51%","3.21M","5.51M","-2.3M","3","10"
"UNP","","9.59M","-87.34%","7.03M","333.9K","6.7M","0","12"
"TXN","","9.59M","-83.38%","3.45M","4.52M","-1.07M","2","13"
"IUSB","","9.57M","-78.76%","2.37M","3.65M","-1.29M","1","15"
"QQQM","","9.57M","-94.96%","7.07M","0","7.07M","3","7"
"SLQD","","9.57M","-50.55%","9.57M","0","9.57M","0","1"
"CMCSA","","9.48M","-79.01%","2.46M","3.7M","-1.24M","4","14"
"ALL","","9.47M","-46.94%","571.71K","8.9M","-8.32M","0","4"
"BURL","","9.47M","-78.99%","736.61K","3.6M","-2.86M","1","10"
"SCHF","","9.45M","-34.31%","3.59M","712.76K","2.87M","0","11"
"RBC","","9.43M","2141.14%","0","0","0","1","0"
"BKNG","","9.39M","-80.79%","3.55M","5.84M","-2.3M","0","2"
"TBIL","","9.37M","-19.66%","0","8.27M","-8.27M","5","3"
"DOW","","9.29M","-19.81%","826.88K","2.79M","-1.96M","1","8"
"SPSM","","9.29M","-27.71%","7.84M","1.45M","6.39M","2","3"
"MARA","","9.27M","-47.05%","3.84M","5.17M","-1.33M","5","18"
"MCO","","9.22M","-76.83%","4.95M","0","4.95M","0","6"
"BSX","","9.2M","-69.98%","9.2M","0","9.2M","0","6"
"QUAL","","9.15M","-77.34%","2.74M","0","2.74M","2","16"
"DDOG","","9.08M","-79.0%","3.44M","763.3K","2.68M","2","10"
"KDP","","9.0M","-56.63%","8.05M","947.47K","7.1M","2","5"
"JEPI","","8.96M","-82.09%","3.58M","1.96M","1.62M","1","20"
"GS","","8.94M","-95.38%","6.48M","1.77M","4.71M","0","11"
"VONG","","8.91M","-36.73%","2.2M","6.19M","-3.99M","6","4"
"HWM","","8.9M","112.59%","328.83K","0","328.83K","0","2"
"NI","","8.9M","-48.43%","8.9M","0","8.9M","0","1"
"LYB","","8.88M","-46.66%","4.18M","4.34M","-164.24K","3","8"
"ACWX","","8.84M","-13.06%","915.34K","7.17M","-6.26M","0","5"
"BEKE","","8.81M","-58.42%","2.05M","6.76M","-4.71M","12","4"
"AEO","","8.74M","-0.0%","8.44M","0","8.44M","0","2"
"SPTS","","8.68M","-28.7%","1.69M","0","1.69M","0","6"
"JEPQ","","8.66M","-62.44%","4.66M","1.39M","3.27M","3","10"
"LYFT","","8.64M","-23.27%","3.44M","3.03M","412.84K","4","10"
"NOBL","","8.63M","-7.65%","1.1M","3.81M","-2.7M","1","15"
"FAS","","8.58M","222.05%","1.9M","5.9M","-4.01M","2","11"
"WDC","","8.53M","-73.62%","1.99M","5.89M","-3.91M","1","7"
"TECL","","8.53M","-43.12%","3.16M","3.29M","-131.73K","6","11"
"VYM","","8.52M","-78.8%","1.64M","3.13M","-1.49M","2","15"
"SIX","","8.48M","124.5%","7.87M","616.5K","7.25M","0","2"
"MDLZ","","8.46M","-63.01%","3.39M","1.14M","2.25M","1","15"
"EW","","8.45M","-79.04%","4.18M","935.59K","3.24M","0","13"
"TFC","","8.42M","-35.66%","4.55M","1.83M","2.72M","2","12"
"RF","","8.41M","52.03%","802.39K","387.12K","415.27K","2","2"
"TRV","","8.36M","-44.64%","3.67M","4.68M","-1.01M","1","7"
"SPLG","","8.24M","-87.18%","3.73M","0","3.73M","0","16"
"MRO","","8.21M","-40.7%","613.1K","714.98K","-101.88K","1","7"
"SCHW","","8.2M","-76.46%","4.08M","1.88M","2.2M","1","10"
"ITB","","8.2M","-25.25%","0","8.2M","-8.2M","0","1"
"EMB","","8.19M","-94.34%","2.55M","4.19M","-1.64M","1","6"
"SWK","","8.11M","-17.83%","803.97K","0","803.97K","0","8"
"KHC","","8.0M","-57.09%","3.69M","1.22M","2.47M","3","9"
"D","","7.93M","-37.77%","5.68M","1.2M","4.48M","6","8"
"IGSB","","7.81M","-56.42%","6.6M","427.23K","6.17M","0","4"
"ROP","","7.77M","-36.29%","0","7.77M","-7.77M","0","2"
"YPF","","7.76M","87.64%","1.46M","6.02M","-4.56M","10","3"
"IAU","","7.75M","-30.0%","1.8M","3.28M","-1.49M","2","11"
"USO","","7.74M","-63.88%","5.17M","1.86M","3.31M","3","5"
"CCEP","","7.72M","42.05%","7.19M","0","7.19M","0","3"
"IRBT","","7.69M","0%","2.0M","3.25M","-1.25M","6","12"
"SPXU","","7.64M","-33.59%","3.54M","1.45M","2.09M","0","18"
"JD","","7.63M","-86.53%","6.16M","923.47K","5.24M","3","6"
"VGIT","","7.62M","-78.39%","949.06K","3.5M","-2.55M","0","11"
"AIT","","7.6M","-17.5%","0","7.6M","-7.6M","0","1"
"NSC","","7.58M","-83.11%","5.4M","786.81K","4.61M","0","7"
"DKNG","","7.56M","-81.73%","1.68M","4.21M","-2.53M","8","11"
"AXON","","7.54M","36.74%","7.54M","0","7.54M","0","3"
"IUSG","","7.53M","-15.46%","2.15M","3.24M","-1.09M","0","15"
"BRZE","","7.53M","494.08%","757.99K","6.78M","-6.02M","1","3"
"TFI","","7.5M","-25.69%","4.25M","2.9M","1.35M","1","7"
"SPGI","","7.46M","-92.02%","5.85M","1.12M","4.73M","2","7"
"XRT","","7.45M","-77.27%","4.0M","1.31M","2.68M","5","11"
"ABCM","","7.43M","-95.39%","7.43M","0","7.43M","0","2"
"VDE","","7.39M","-61.42%","4.37M","800.12K","3.57M","0","12"
"XLY","","7.39M","-83.37%","3.93M","2.1M","1.83M","1","6"
"KKR","","7.38M","-30.42%","817.65K","2.37M","-1.55M","1","3"
"VGK","","7.29M","8.45%","5.58M","1.08M","4.5M","2","5"
"ACN","","7.25M","-73.72%","4.05M","2.84M","1.21M","0","10"
"AOR","","7.23M","63.38%","6.33M","892.18K","5.44M","1","11"
"ULTA","","7.2M","-5.46%","1.27M","4.47M","-3.19M","1","5"
"SNPS","","7.18M","-58.94%","1.18M","6.0M","-4.82M","0","3"
"GRMN","","7.17M","-86.69%","7.17M","0","7.17M","0","3"
"HON","","7.17M","-86.84%","5.95M","630.65K","5.31M","0","10"
"KMB","","7.14M","-56.85%","6.84M","292.25K","6.55M","0","3"
"XPER","","7.14M","-42.09%","0","7.14M","-7.14M","0","3"
"ISRG","","7.09M","-93.65%","3.01M","2.46M","555.77K","1","8"
"KMI","","6.99M","-43.33%","2.49M","4.5M","-2.02M","0","10"
"IWP","","6.96M","-62.36%","2.53M","4.43M","-1.9M","2","5"
"QTWO","","6.95M","4.49%","0","0","0","0","1"
"VBR","","6.93M","-42.5%","3.19M","1.06M","2.13M","0","18"
"IGV","","6.9M","-76.21%","4.53M","2.37M","2.17M","1","6"
"DXCM","","6.86M","-88.28%","1.78M","2.36M","-576.25K","0","9"
"VXX","","6.85M","-53.07%","6.54M","308.95K","6.23M","1","2"
"LMT","","6.84M","-75.54%","2.84M","3.99M","-1.15M","1","7"
"EWU","","6.82M","29.2%","0","6.82M","-6.82M","1","1"
"MCRI","","6.8M","2353.47%","6.8M","0","6.8M","0","2"
"REGN","","6.76M","-43.76%","4.07M","1.89M","2.18M","0","4"
"AFRM","","6.72M","-15.55%","3.31M","3.4M","-90.49K","5","5"
"FUTU","","6.69M","-7.97%","3.27M","2.83M","447.07K","0","16"
"APA","","6.68M","-40.15%","5.93M","0","5.93M","1","2"
"EMXC","","6.65M","-52.34%","467.0K","261.5K","205.5K","1","7"
"SSO","","6.6M","-6.56%","1.89M","2.02M","-129.42K","0","9"
"VTWO","","6.59M","-73.63%","1.03M","3.98M","-2.95M","2","7"
"SLB","","6.53M","-83.22%","1.28M","3.03M","-1.75M","4","9"
"EQNR","","6.49M","41.42%","527.9K","5.96M","-5.43M","2","2"
"MELI","","6.43M","-85.7%","4.89M","1.54M","3.35M","0","2"
"TLH","","6.4M","-83.93%","3.65M","1.48M","2.16M","0","8"
"NEAR","","6.4M","4.98%","0","6.4M","-6.4M","0","1"
"SCHX","","6.35M","-77.78%","790.86K","4.69M","-3.9M","0","7"
"BK","","6.35M","-93.39%","0","6.09M","-6.09M","0","5"
"UPRO","","6.35M","-83.8%","1.66M","1.45M","209.98K","1","11"
"RYAAY","","6.33M","-39.99%","0","1.26M","-1.26M","0","10"
"AVB","","6.32M","-36.26%","6.32M","0","6.32M","0","3"
"GILD","","6.31M","-89.18%","2.51M","3.42M","-904.41K","3","5"
"UMC","","6.29M","403.43%","0","6.29M","-6.29M","0","1"
"EQH","","6.29M","-2.98%","4.91M","0","4.91M","0","3"
"PAGS","","6.26M","-43.94%","2.29M","1.27M","1.02M","1","8"
"GIS","","6.25M","-47.68%","3.11M","1.26M","1.85M","1","7"
"FI","","6.23M","-79.44%","2.16M","2.22M","-64.31K","3","9"
"BITO","","6.21M","-42.54%","1.93M","2.1M","-166.51K","3","13"
"IGIB","","6.2M","-70.02%","680.11K","3.24M","-2.56M","0","6"
"WTW","","6.19M","-73.77%","0","5.61M","-5.61M","1","4"
"GBIL","","6.19M","-85.63%","1.0M","2.66M","-1.66M","0","9"
"NGG","","6.17M","-33.05%","4.23M","1.94M","2.28M","0","5"
"TMF","","6.16M","-56.77%","3.27M","1.49M","1.79M","1","11"
"SAIA","","6.16M","211.33%","0","0","0","0","5"
"USB","","6.15M","-52.72%","4.08M","1.21M","2.88M","4","5"
"ITT","","6.15M","-67.51%","2.16M","1.04M","1.11M","0","5"
"LPLA","","6.11M","-74.91%","0","0","0","2","1"
"PSTG","","6.11M","-56.74%","0","5.76M","-5.76M","0","4"
"MPC","","6.01M","-81.13%","2.61M","1.87M","736.32K","0","10"
"SDRL","","6.01M","-61.92%","0","0","0","0","3"
"CME","","6.0M","-80.0%","1.38M","274.26K","1.11M","1","7"
"MDYG","","5.93M","370.27%","5.46M","0","5.46M","0","2"
"MSCI","","5.9M","1.05%","5.9M","0","5.9M","0","3"
"SOXX","","5.9M","-73.94%","2.58M","635.64K","1.94M","1","3"
"EPAM","","5.87M","-31.49%","283.81K","5.29M","-5.0M","0","6"
"IWV","","5.83M","-63.38%","3.28M","2.55M","733.08K","1","6"
"HCA","","5.83M","-78.29%","1.82M","1.62M","206.35K","0","10"
"FXN","","5.83M","-32.28%","276.21K","4.0M","-3.72M","0","9"
"APD","","5.74M","-91.18%","2.16M","2.22M","-63.55K","2","9"
"BAX","","5.73M","-48.26%","1.17M","0","1.17M","1","5"
"FLJP","","5.73M","150.74%","5.25M","0","5.25M","0","2"
"URTH","","5.72M","-48.53%","1.07M","2.92M","-1.85M","1","10"
"XHB","","5.69M","-34.65%","1.62M","4.06M","-2.44M","1","8"
"GPC","","5.67M","-52.86%","3.75M","1.64M","2.11M","1","5"
"NIO","","5.63M","-66.43%","2.04M","2.2M","-154.82K","1","12"
"IEUR","","5.61M","7.29%","5.61M","0","5.61M","0","2"
"AGCO","","5.61M","-48.26%","364.93K","593.16K","-228.22K","0","5"
"BP","","5.52M","-43.0%","4.83M","0","4.83M","1","3"
"VPU","","5.46M","15.63%","0","1.11M","-1.11M","0","3"
"VO","","5.45M","-85.92%","4.08M","468.23K","3.61M","0","8"
"IWS","","5.45M","-53.3%","523.13K","4.26M","-3.74M","0","6"
"PSX","","5.44M","-73.82%","324.0K","4.77M","-4.44M","1","7"
"ELS","","5.41M","82.15%","1.75M","1.54M","201.3K","0","4"
"LNG","","5.4M","-39.29%","1.72M","2.9M","-1.18M","1","5"
"EL","","5.4M","-74.57%","2.76M","2.11M","646.02K","1","7"
"ASHR","","5.37M","-11.82%","4.5M","279.17K","4.22M","1","2"
"AVA","","5.34M","186.52%","0","5.08M","-5.08M","0","2"
"HOLI","","5.32M","675.13%","0","5.06M","-5.06M","1","1"
"G","","5.31M","-4.8%","0","255.51K","-255.51K","1","3"
"SPTL","","5.29M","-62.15%","2.21M","2.55M","-338.39K","0","6"
"VNQ","","5.28M","-86.68%","2.23M","1.42M","806.48K","3","9"
"IDEV","","5.27M","30.85%","4.66M","330.48K","4.33M","1","5"
"STZ","","5.23M","-78.66%","1.92M","617.86K","1.31M","0","9"
"FLOT","","5.22M","-25.44%","3.89M","914.94K","2.97M","0","5"
"SNDX","","5.22M","18.79%","0","5.22M","-5.22M","0","2"
"HMC","","5.2M","533.43%","0","4.91M","-4.91M","1","3"
"MAA","","5.16M","-86.7%","260.11K","4.02M","-3.76M","0","5"
"GLOB","","5.15M","-82.69%","0","0","0","0","5"
"VLO","","5.13M","-84.59%","2.25M","1.11M","1.15M","1","12"
"QWLD","","5.11M","0%","0","0","0","0","1"
"PAYX","","5.1M","-34.95%","3.92M","0","3.92M","1","4"
"BLK","","5.09M","-79.8%","2.31M","1.64M","669.46K","1","3"
"KEY","","5.08M","-52.38%","4.69M","0","4.69M","1","3"
"NUGT","","5.03M","24.17%","4.11M","395.89K","3.71M","1","4"
"UAL","","5.03M","-63.04%","1.54M","3.05M","-1.51M","5","5"
"TCOM","","5.03M","-82.11%","990.15K","308.68K","681.47K","2","11"
"BBAX","","5.03M","119.68%","4.55M","480.19K","4.07M","0","2"
"XPEV","","5.02M","-43.12%","3.12M","1.9M","1.22M","4","7"
"BIO","","5.0M","-56.39%","5.0M","0","5.0M","0","1"
"NXPI","","4.98M","-73.79%","3.51M","912.39K","2.6M","0","5"
"SPGP","","4.96M","-23.58%","373.24K","1.77M","-1.4M","2","1"
"MDY","","4.94M","-87.22%","507.42K","1.07M","-565.63K","0","5"
"INFY","","4.9M","3.57%","0","517.63K","-517.63K","0","10"
"RIOT","","4.88M","23.55%","3.45M","1.13M","2.32M","4","9"
"WHR","","4.88M","-54.44%","4.88M","0","4.88M","1","0"
"PZA","","4.88M","-49.93%","1.02M","3.86M","-2.85M","1","4"
"RDVY","","4.87M","-49.12%","4.87M","0","4.87M","0","2"
"PFF","","4.83M","-80.88%","494.94K","1.79M","-1.3M","1","7"
"ETNB","","4.83M","145.21%","4.83M","0","4.83M","1","1"
"CP","","4.81M","-85.93%","721.0K","0","721.0K","0","7"
"MCK","","4.8M","-84.01%","4.8M","0","4.8M","2","0"
"EOLS","","4.8M","-18.91%","4.8M","0","4.8M","0","1"
"ENPH","","4.78M","-83.2%","462.95K","3.72M","-3.26M","1","9"
"SPHY","","4.73M","-91.45%","4.73M","0","4.73M","0","2"
"TMCI","","4.7M","-54.06%","0","4.7M","-4.7M","0","1"
"PEG","","4.69M","-32.49%","3.3M","0","3.3M","0","6"
"BBY","","4.67M","-83.23%","284.37K","1.94M","-1.66M","3","4"
"MDB","","4.65M","-84.5%","3.83M","408.66K","3.42M","1","5"
"LULU","","4.65M","-81.02%","1.29M","1.08M","212.06K","1","5"
"EFX","","4.65M","-57.99%","797.2K","1.91M","-1.11M","0","5"
"GLPI","","4.64M","-45.93%","0","0","0","0","4"
"DOX","","4.63M","27.14%","0","0","0","0","7"
"CMI","","4.6M","7.88%","1.04M","1.29M","-258.48K","0","7"
"ABEV","","4.6M","-42.35%","0","0","0","0","5"
"IWO","","4.57M","-66.87%","0","4.29M","-4.29M","1","5"
"IYW","","4.57M","-60.32%","334.19K","0","334.19K","1","5"
"VTIP","","4.55M","-83.33%","4.3M","253.73K","4.04M","0","4"
"EWT","","4.5M","-88.59%","264.41K","3.75M","-3.49M","2","6"
"AEIS","","4.5M","101.74%","0","645.81K","-645.81K","1","3"
"CALF","","4.49M","-66.22%","3.51M","600.96K","2.91M","3","3"
"SPBO","","4.47M","76.29%","0","0","0","0","1"
"UVXY","","4.46M","-7.19%","1.69M","923.37K","771.39K","1","8"
"EFG","","4.42M","-66.57%","1.26M","2.83M","-1.57M","3","4"
"JETS","","4.4M","201.98%","4.4M","0","4.4M","2","0"
"OTIS","","4.37M","-33.36%","839.17K","1.2M","-359.89K","0","6"
"DEO","","4.37M","-85.06%","1.67M","2.39M","-722.0K","0","8"
"SLYV","","4.34M","3.25%","313.33K","2.79M","-2.48M","0","8"
"ITUB","","4.26M","-13.42%","0","4.26M","-4.26M","0","2"
"ETN","","4.23M","-84.15%","3.15M","417.55K","2.74M","1","7"
"VRSK","","4.23M","-81.86%","0","3.61M","-3.61M","0","9"
"BOIL","","4.21M","-65.22%","580.71K","2.37M","-1.79M","2","8"
"LSTR","","4.2M","141.45%","0","0","0","0","2"
"PNC","","4.18M","-57.48%","3.28M","267.66K","3.02M","1","6"
"PPL","","4.15M","-77.64%","2.69M","311.14K","2.38M","0","6"
"DD","","4.12M","-70.92%","908.31K","2.59M","-1.68M","3","5"
"AOM","","4.1M","-24.56%","0","1.62M","-1.62M","1","3"
"NUSC","","4.09M","243.76%","0","4.09M","-4.09M","0","2"
"EFV","","4.09M","-49.1%","1.97M","783.02K","1.19M","0","8"
"SPLV","","4.08M","-66.02%","1.9M","2.18M","-285.45K","0","5"
"SHEL","","4.07M","-76.61%","2.86M","278.8K","2.58M","0","4"
"OMFL","","4.06M","-48.13%","0","0","0","0","4"
"WM","","4.01M","-81.9%","3.28M","454.2K","2.82M","0","7"
"TECK","","3.98M","-66.41%","3.98M","0","3.98M","1","2"
"IFF","","3.96M","-56.82%","2.07M","374.43K","1.69M","1","5"
"TAL","","3.96M","-70.25%","1.95M","0","1.95M","2","6"
"MCHP","","3.95M","-70.26%","2.63M","0","2.63M","0","4"
"SPXS","","3.95M","-65.75%","956.51K","1.87M","-911.87K","0","9"
"FNDX","","3.95M","-53.68%","3.95M","0","3.95M","0","1"
"ADI","","3.94M","-90.86%","3.94M","0","3.94M","1","6"
"ATI","","3.9M","257.2%","0","884.08K","-884.08K","2","5"
"CLVT","","3.89M","-66.11%","3.89M","0","3.89M","0","1"
"ZTS","","3.88M","-93.84%","1.5M","273.01K","1.22M","0","9"
"BC","","3.88M","-67.01%","1.95M","1.54M","408.63K","1","3"
"ES","","3.87M","-75.5%","1.38M","1.07M","305.76K","1","7"
"GOLD","","3.85M","-86.73%","1.44M","1.28M","164.7K","0","8"
"DGRW","","3.85M","-59.02%","3.53M","325.04K","3.2M","1","1"
"ARES","","3.83M","38.05%","3.45M","373.36K","3.08M","1","2"
"PGR","","3.83M","-88.83%","2.33M","1.5M","822.38K","2","4"
"FLQM","","3.78M","-20.51%","0","0","0","0","1"
"SOFI","","3.76M","-80.04%","867.31K","2.19M","-1.32M","2","6"
"SCHZ","","3.74M","-42.15%","0","1.81M","-1.81M","0","6"
"MAN","","3.74M","414.4%","0","0","0","0","1"
"MMM","","3.73M","-97.77%","1.82M","276.23K","1.54M","1","7"
"VSTO","","3.73M","13.49%","0","0","0","0","1"
"VXF","","3.7M","-84.5%","486.0K","1.71M","-1.22M","0","6"
"CYBR","","3.7M","-49.3%","3.7M","0","3.7M","0","1"
"FDX","","3.69M","-71.75%","2.07M","1.24M","832.04K","2","4"
"MASI","","3.68M","-77.91%","3.68M","0","3.68M","0","1"
"ZM","","3.64M","-91.03%","1.64M","1.43M","211.9K","3","7"
"MANU","","3.64M","567.34%","0","3.64M","-3.64M","1","0"
"EDOC","","3.61M","0%","3.61M","0","3.61M","0","1"
"MET","","3.6M","-90.81%","512.91K","2.04M","-1.53M","0","6"
"CCL","","3.6M","-89.23%","788.54K","1.82M","-1.03M","0","9"
"DXJ","","3.58M","-71.85%","697.07K","2.06M","-1.36M","0","6"
"FNDA","","3.58M","-46.6%","3.21M","0","3.21M","0","2"
"COWZ","","3.57M","-91.9%","586.26K","702.34K","-116.08K","0","9"
"QSR","","3.56M","-29.63%","767.48K","0","767.48K","0","7"
"HUM","","3.55M","-96.1%","1.71M","574.83K","1.14M","0","5"
"DHI","","3.52M","-73.83%","899.08K","2.06M","-1.16M","0","6"
"USFD","","3.52M","34.5%","1.26M","283.77K","973.96K","0","5"
"AAP","","3.52M","-35.19%","1.31M","0","1.31M","0","5"
"MTCH","","3.52M","-83.27%","1.04M","355.74K","683.51K","3","7"
"UNG","","3.5M","-44.29%","1.45M","267.93K","1.18M","0","9"
"BILL","","3.46M","-77.19%","1.29M","2.16M","-867.5K","5","1"
"TNC","","3.44M","6.83%","0","3.44M","-3.44M","0","1"
"AEP","","3.43M","-84.83%","2.31M","452.69K","1.86M","2","5"
"MSI","","3.41M","-79.03%","369.61K","3.04M","-2.67M","0","6"
"GD","","3.4M","-74.1%","2.04M","1.36M","680.38K","2","6"
"MAR","","3.4M","-83.0%","2.01M","325.72K","1.68M","0","6"
"APH","","3.4M","-79.93%","2.98M","0","2.98M","1","5"
"MGK","","3.39M","-80.38%","0","1.37M","-1.37M","0","9"
"U","","3.39M","-85.69%","2.01M","1.38M","624.64K","6","2"
"YUM","","3.38M","-38.0%","0","575.98K","-575.98K","0","5"
"AMSF","","3.37M","708.25%","3.37M","0","3.37M","0","1"
"YUMC","","3.36M","-24.11%","1.35M","1.67M","-319.29K","1","3"
"CAH","","3.35M","-83.54%","2.74M","613.47K","2.12M","1","4"
"LRCX","","3.35M","-86.77%","0","1.44M","-1.44M","1","3"
"SQM","","3.35M","79.35%","0","3.35M","-3.35M","1","3"
"EWY","","3.35M","-79.13%","1.23M","0","1.23M","2","3"
"WELL","","3.34M","-74.91%","1.8M","0","1.8M","0","6"
"PRU","","3.33M","-61.19%","1.4M","1.63M","-231.33K","2","3"
"TDY","","3.32M","79.52%","2.36M","394.03K","1.97M","1","6"
"TNK","","3.32M","194.86%","0","3.32M","-3.32M","1","0"
"CF","","3.27M","-71.46%","874.76K","1.34M","-469.09K","0","6"
"FSLR","","3.26M","-84.13%","613.27K","2.65M","-2.03M","1","3"
"ICLR","","3.26M","-73.04%","271.3K","0","271.3K","0","4"
"ESGU","","3.26M","-36.25%","291.23K","1.22M","-923.79K","0","7"
"IYR","","3.24M","-81.53%","1.23M","1.11M","120.51K","1","7"
"SPOT","","3.23M","-71.72%","1.84M","271.27K","1.57M","1","3"
"SPAB","","3.23M","-82.05%","1.23M","0","1.23M","0","2"
"SAFT","","3.23M","0%","0","3.23M","-3.23M","0","1"
"BX","","3.22M","-87.73%","1.94M","0","1.94M","0","5"
"SDY","","3.22M","-72.76%","0","738.66K","-738.66K","0","5"
"HLT","","3.21M","-76.01%","0","2.22M","-2.22M","0","6"
"CNI","","3.21M","-86.71%","349.58K","1.96M","-1.61M","0","4"
"DKS","","3.18M","-86.51%","792.46K","1.4M","-611.0K","0","5"
"BLDR","","3.16M","-82.5%","843.86K","2.04M","-1.19M","1","3"
"GTLB","","3.16M","273.52%","386.19K","2.78M","-2.39M","0","2"
"EXC","","3.13M","-88.68%","1.41M","0","1.41M","2","5"
"BNO","","3.11M","0%","3.11M","0","3.11M","1","0"
"LABU","","3.1M","-40.55%","1.36M","550.37K","810.82K","0","8"
"GFS","","3.1M","-39.27%","457.77K","0","457.77K","0","3"
"AIG","","3.09M","-63.3%","2.23M","305.18K","1.93M","2","5"
"ADM","","3.08M","-73.17%","0","1.27M","-1.27M","0","6"
"EEMV","","3.08M","-17.85%","1.96M","1.12M","838.27K","0","2"
"VBK","","3.06M","-60.62%","1.47M","1.1M","366.34K","1","5"
"JNK","","3.05M","-83.65%","266.3K","1.32M","-1.05M","0","4"
"EWA","","3.05M","-65.48%","0","3.05M","-3.05M","0","1"
"OIH","","3.04M","-78.65%","2.28M","447.52K","1.83M","0","4"
"WMB","","3.03M","-67.46%","1.59M","0","1.59M","1","5"
"APAM","","3.03M","4.09%","3.03M","0","3.03M","0","1"
"TTD","","3.02M","-92.96%","858.33K","1.18M","-319.07K","2","6"
"PTC","","3.02M","-70.53%","0","0","0","1","0"
"ISTB","","3.02M","-57.65%","988.88K","1.27M","-277.95K","2","3"
"CL","","3.01M","-80.56%","2.05M","0","2.05M","0","4"
"BTI","","2.99M","-51.54%","1.38M","0","1.38M","0","7"
"REET","","2.98M","-47.42%","0","2.98M","-2.98M","1","0"
"WNS","","2.97M","-6.46%","2.97M","0","2.97M","0","1"
"SSNC","","2.95M","-22.03%","2.67M","0","2.67M","0","2"
"ICE","","2.92M","-78.82%","0","1.56M","-1.56M","0","2"
"LHX","","2.92M","-56.88%","1.45M","1.0M","447.16K","0","6"
"IDXX","","2.92M","-79.05%","0","572.82K","-572.82K","0","2"
"APLS","","2.92M","-59.1%","257.58K","2.66M","-2.4M","2","1"
"YINN","","2.91M","-31.95%","904.72K","818.98K","85.74K","2","5"
"CAG","","2.91M","-22.8%","2.64M","0","2.64M","1","2"
"FTCS","","2.91M","73.87%","0","2.41M","-2.41M","0","2"
"VOYA","","2.91M","11.06%","0","2.48M","-2.48M","0","2"
"FTAI","","2.91M","-24.14%","2.91M","0","2.91M","1","0"
"PSQ","","2.9M","-72.96%","404.68K","558.49K","-153.81K","0","9"
"JMST","","2.9M","-64.12%","0","1.91M","-1.91M","0","4"
"OEF","","2.9M","-79.28%","2.07M","272.38K","1.8M","1","3"
"FOUR","","2.89M","-53.8%","412.75K","2.48M","-2.07M","0","5"
"TD","","2.89M","-74.49%","708.81K","2.18M","-1.47M","1","2"
"CEIX","","2.89M","13.85%","1.61M","1.28M","321.21K","0","2"
"KR","","2.87M","-78.17%","1.26M","1.32M","-56.72K","0","6"
"RPG","","2.87M","724.11%","0","2.87M","-2.87M","0","1"
"MNST","","2.86M","-95.61%","271.09K","978.92K","-707.84K","1","6"
"OVV","","2.85M","-36.45%","0","0","0","0","4"
"M","","2.84M","-84.41%","823.5K","1.12M","-294.52K","0","5"
"IGF","","2.84M","-78.47%","612.3K","2.23M","-1.62M","1","1"
"ESGD","","2.83M","-29.36%","1.6M","301.32K","1.29M","1","5"
"QRVO","","2.79M","-11.08%","1.47M","468.63K","999.86K","0","5"
"WBD","","2.78M","-76.04%","979.2K","583.98K","395.22K","0","7"
"ING","","2.78M","-79.54%","0","2.78M","-2.78M","1","1"
"PFIX","","2.76M","-56.65%","2.76M","0","2.76M","0","1"
"DT","","2.76M","-68.16%","0","2.76M","-2.76M","0","1"
"ENTG","","2.73M","-61.77%","0","0","0","0","2"
"ANF","","2.73M","-87.29%","1.71M","1.02M","684.49K","1","6"
"BKLN","","2.7M","-88.09%","0","2.7M","-2.7M","0","4"
"WPM","","2.7M","-36.33%","2.03M","270.52K","1.76M","4","3"
"HPE","","2.69M","-85.98%","624.61K","700.14K","-75.53K","1","6"
"ITOT","","2.69M","-88.55%","447.48K","575.81K","-128.32K","1","5"
"MINT","","2.69M","-92.44%","0","500.7K","-500.7K","0","7"
"SARK","","2.68M","-8.0%","789.43K","1.21M","-415.66K","2","5"
"TOL","","2.68M","-8.95%","2.68M","0","2.68M","0","3"
"NVDS","","2.67M","35.78%","276.96K","1.12M","-842.92K","1","4"
"CTVA","","2.65M","-86.41%","531.76K","998.78K","-467.02K","0","4"
"IWY","","2.65M","-64.16%","1.25M","0","1.25M","0","3"
"IPG","","2.64M","-42.43%","1.88M","760.95K","1.12M","1","1"
"EWJ","","2.64M","-93.65%","965.49K","1.35M","-387.07K","1","4"
"USIG","","2.64M","-58.96%","1.03M","587.84K","442.42K","0","6"
"AGI","","2.64M","61.16%","1.04M","1.61M","-570.91K","3","2"
"WPC","","2.63M","-41.43%","1.46M","582.24K","877.31K","0","6"
"ACGL","","2.62M","-72.81%","2.16M","0","2.16M","0","4"
"HALO","","2.62M","-48.67%","0","2.62M","-2.62M","0","1"
"PINS","","2.59M","-93.96%","253.76K","600.6K","-346.84K","2","3"
"ILMN","","2.59M","-97.6%","556.27K","1.77M","-1.21M","0","6"
"UUP","","2.59M","-84.97%","0","1.46M","-1.46M","0","4"
"SPMD","","2.59M","-7.61%","0","1.89M","-1.89M","0","3"
"NTAP","","2.58M","-58.05%","2.58M","0","2.58M","1","0"
"COR","","2.57M","-74.8%","891.46K","980.01K","-88.55K","0","6"
"DUOL","","2.57M","-93.16%","1.99M","287.7K","1.71M","0","3"
"STIP","","2.57M","-76.65%","0","0","0","0","4"
"RYTM","","2.56M","-27.36%","0","0","0","0","1"
"NET","","2.54M","-79.1%","775.69K","1.77M","-991.77K","1","2"
"ON","","2.54M","-89.0%","346.35K","1.14M","-793.6K","0","6"
"SO","","2.54M","-94.61%","826.46K","0","826.46K","1","4"
"HYMB","","2.52M","-87.84%","593.03K","1.64M","-1.05M","3","1"
"ADSK","","2.49M","-90.08%","698.64K","722.2K","-23.56K","1","6"
"NE","","2.48M","-21.96%","0","0","0","0","2"
"SLVM","","2.48M","106.66%","2.48M","0","2.48M","0","1"
"LH","","2.47M","-85.54%","2.47M","0","2.47M","0","3"
"DLR","","2.46M","-86.2%","1.28M","510.55K","768.19K","0","6"
"EFAV","","2.46M","-63.58%","784.05K","0","784.05K","0","6"
"ACLX","","2.44M","-58.3%","0","2.44M","-2.44M","0","1"
"USHY","","2.43M","-94.13%","0","1.39M","-1.39M","0","5"
"DBEF","","2.43M","-59.96%","0","2.43M","-2.43M","1","1"
"VV","","2.42M","-72.93%","0","1.57M","-1.57M","1","5"
"XME","","2.42M","-53.85%","327.19K","2.09M","-1.76M","3","1"
"IJS","","2.42M","-61.07%","293.29K","0","293.29K","0","2"
"XPO","","2.4M","-78.93%","0","0","0","0","4"
"IOVA","","2.4M","-48.25%","1.42M","977.91K","440.16K","0","4"
"HLN","","2.4M","858.04%","2.05M","0","2.05M","0","3"
"ENS","","2.4M","-42.83%","2.4M","0","2.4M","0","1"
"VRNS","","2.39M","-80.9%","0","1.19M","-1.19M","0","2"
"HTHT","","2.39M","-83.9%","0","256.76K","-256.76K","0","3"
"GLOV","","2.39M","54.46%","1.4M","996.86K","400.96K","0","2"
"DYN","","2.37M","41.83%","0","2.37M","-2.37M","0","3"
"AFG","","2.36M","47.77%","0","2.36M","-2.36M","0","1"
"CMF","","2.34M","-73.7%","1.24M","0","1.24M","0","4"
"ETSY","","2.33M","-80.99%","1.37M","0","1.37M","0","4"
"XLRE","","2.33M","-63.28%","1.18M","893.48K","282.52K","0","6"
"AVUV","","2.33M","-69.53%","255.44K","0","255.44K","0","3"
"EIX","","2.31M","-64.81%","0","405.37K","-405.37K","0","2"
"NOVT","","2.31M","169.07%","0","1.01M","-1.01M","0","3"
"SCHA","","2.28M","-57.17%","0","1.8M","-1.8M","1","3"
"AGNC","","2.26M","-76.19%","350.0K","1.2M","-845.27K","0","5"
"SCHR","","2.25M","-73.08%","388.49K","1.59M","-1.2M","0","3"
"AL","","2.21M","28.64%","0","1.49M","-1.49M","1","1"
"SSB","","2.21M","-21.4%","295.68K","1.92M","-1.62M","0","2"
"SPLB","","2.2M","38.93%","0","2.2M","-2.2M","0","1"
"CLSK","","2.19M","87.26%","808.83K","1.38M","-568.84K","2","4"
"KOLD","","2.18M","-83.84%","365.63K","1.45M","-1.08M","1","3"
"OKE","","2.18M","-87.0%","1.42M","0","1.42M","0","5"
"EBAY","","2.18M","-86.19%","815.62K","665.74K","149.89K","1","3"
"CXM","","2.18M","110.83%","0","1.19M","-1.19M","1","1"
"SCHV","","2.17M","-76.27%","733.99K","1.44M","-706.6K","1","2"
"NAIL","","2.17M","17.63%","2.17M","0","2.17M","1","0"
"MGY","","2.17M","38.48%","0","0","0","0","1"
"EPD","","2.16M","-72.71%","952.02K","740.33K","211.69K","2","3"
"ITM","","2.15M","-72.0%","1.09M","495.13K","595.37K","0","5"
"MNA","","2.14M","18.67%","0","907.57K","-907.57K","1","2"
"ACM","","2.14M","2.83%","0","1.0M","-1.0M","0","2"
"XBIL","","2.13M","-58.53%","0","0","0","0","6"
"DPST","","2.11M","-63.36%","1.56M","550.99K","1.01M","2","4"
"MGV","","2.11M","-19.42%","755.89K","1.35M","-597.68K","1","3"
"KBE","","2.1M","-48.68%","0","1.81M","-1.81M","0","2"
"CM","","2.1M","-82.34%","2.1M","0","2.1M","0","1"
"SCHG","","2.09M","-82.68%","608.37K","1.48M","-874.24K","1","2"
"GPRE","","2.09M","-74.52%","0","2.09M","-2.09M","0","1"
"DLTR","","2.08M","-79.46%","590.49K","0","590.49K","0","6"
"ASND","","2.08M","-65.14%","1.61M","467.72K","1.14M","0","2"
"ROK","","2.06M","-93.33%","0","2.06M","-2.06M","1","2"
"ECL","","2.06M","-86.06%","1.38M","683.55K","691.89K","1","4"
"UBS","","2.05M","-50.11%","0","1.79M","-1.79M","0","3"
"DEW","","2.05M","0%","0","0","0","0","1"
"CBRL","","2.04M","5.39%","0","0","0","0","4"
"CWI","","2.04M","-76.62%","1.64M","399.59K","1.24M","0","3"
"EQR","","2.03M","-81.68%","0","813.34K","-813.34K","1","2"
"SGEN","","2.03M","-93.91%","277.73K","796.3K","-518.57K","0","5"
"FTSM","","2.02M","-92.57%","316.95K","0","316.95K","0","5"
"STLA","","2.01M","-69.95%","0","1.48M","-1.48M","0","4"
"XLB","","2.01M","-86.44%","0","628.83K","-628.83K","1","1"
"CNM","","2.0M","-51.85%","2.0M","0","2.0M","0","1"
"BITX","","1.99M","55.03%","1.07M","919.76K","146.42K","1","4"
"INSP","","1.99M","-50.93%","0","703.48K","-703.48K","0","5"
"AEM","","1.99M","-27.73%","285.0K","1.41M","-1.13M","0","5"
"MEDP","","1.99M","54.34%","0","1.71M","-1.71M","1","1"
"SGOL","","1.98M","70.53%","0","726.94K","-726.94K","2","0"
"ZG","","1.97M","0%","0","0","0","0","1"
"TT","","1.95M","-89.03%","1.95M","0","1.95M","0","4"
"MOS","","1.95M","-90.54%","703.43K","891.4K","-187.97K","2","3"
"TWLO","","1.95M","-91.56%","799.34K","891.87K","-92.52K","0","7"
"HDB","","1.95M","-78.93%","388.89K","810.63K","-421.74K","1","3"
"VAL","","1.94M","-60.45%","0","0","0","0","3"
"ERX","","1.93M","-7.82%","1.64M","290.3K","1.35M","0","5"
"WERN","","1.93M","45.84%","0","0","0","0","1"
"AFL","","1.92M","-64.56%","638.02K","1.02M","-379.41K","1","4"
"BKR","","1.91M","-95.09%","335.31K","0","335.31K","1","3"
"DEM","","1.91M","54.74%","1.13M","777.43K","350.18K","0","5"
"UPWK","","1.91M","68.88%","0","0","0","0","5"
"VEEV","","1.9M","-92.07%","417.93K","0","417.93K","0","2"
"MGA","","1.89M","-19.89%","1.89M","0","1.89M","0","3"
"DIVI","","1.86M","297.25%","0","1.86M","-1.86M","0","1"
"JBL","","1.85M","-71.89%","1.26M","0","1.26M","0","2"
"LABD","","1.85M","-25.37%","526.66K","858.29K","-331.62K","0","4"
"GLBE","","1.85M","-65.73%","252.2K","544.39K","-292.19K","2","2"
"ARMK","","1.85M","-85.07%","598.55K","0","598.55K","1","2"
"BAP","","1.84M","-65.12%","0","0","0","0","3"
"ROST","","1.83M","-95.96%","725.7K","848.36K","-122.66K","1","4"
"NOC","","1.82M","-94.49%","0","1.82M","-1.82M","0","2"
"WEN","","1.82M","-33.35%","0","1.82M","-1.82M","1","0"
"DNLI","","1.82M","316.03%","0","0","0","0","1"
"ICLN","","1.81M","-34.12%","0","1.15M","-1.15M","0","4"
"SPR","","1.81M","-75.86%","258.3K","257.5K","801.0","0","6"
"UDOW","","1.81M","18.82%","969.27K","255.83K","713.44K","2","3"
"AMH","","1.81M","-83.33%","1.81M","0","1.81M","1","0"
"EYPT","","1.81M","173.75%","0","1.08M","-1.08M","0","2"
"ONON","","1.8M","-60.28%","413.62K","0","413.62K","0","3"
"EC","","1.8M","72.67%","1.8M","0","1.8M","0","3"
"LEN","","1.79M","-88.46%","1.03M","509.88K","517.66K","1","5"
"SDVY","","1.79M","-72.12%","251.56K","1.05M","-796.34K","1","2"
"HAL","","1.77M","-87.22%","924.0K","849.69K","74.31K","1","2"
"BTU","","1.76M","-73.52%","0","0","0","0","4"
"XRAY","","1.76M","-77.51%","0","0","0","0","1"
"RSG","","1.75M","-88.78%","0","528.36K","-528.36K","0","3"
"TME","","1.75M","-67.75%","892.5K","0","892.5K","0","2"
"UFCS","","1.75M","0%","0","1.75M","-1.75M","0","1"
"TRST","","1.75M","0%","1.75M","0","1.75M","0","1"
"IXC","","1.74M","-74.16%","1.74M","0","1.74M","0","2"
"SHM","","1.74M","-44.75%","0","1.41M","-1.41M","0","2"
"SCHM","","1.74M","-70.31%","0","546.08K","-546.08K","1","3"
"SPYD","","1.74M","-89.61%","0","1.74M","-1.74M","1","0"
"SYY","","1.73M","-84.84%","1.14M","0","1.14M","1","3"
"PLNT","","1.73M","-44.09%","1.73M","0","1.73M","0","1"
"VIOO","","1.73M","87.05%","1.73M","0","1.73M","0","4"
"COHR","","1.73M","-41.8%","806.28K","0","806.28K","0","2"
"CEG","","1.72M","-86.38%","791.13K","263.08K","528.05K","0","5"
"LUV","","1.72M","-81.73%","623.98K","829.32K","-205.34K","1","4"
"JBHT","","1.72M","-78.74%","1.35M","363.22K","991.01K","0","5"
"VIST","","1.71M","-76.65%","860.18K","273.87K","586.32K","0","5"
"ZBH","","1.7M","-92.64%","252.07K","1.2M","-946.64K","0","5"
"SCHB","","1.7M","-74.32%","1.26M","433.95K","827.58K","1","1"
"CLX","","1.69M","-84.56%","1.0M","316.91K","684.78K","0","5"
"CNC","","1.69M","-91.42%","1.19M","0","1.19M","0","4"
"RIG","","1.69M","-74.48%","1.69M","0","1.69M","0","1"
"BERY","","1.69M","-48.51%","1.69M","0","1.69M","0","1"
"FVD","","1.68M","-70.8%","0","1.42M","-1.42M","2","2"
"MRVL","","1.67M","-96.27%","276.0K","347.37K","-71.37K","0","3"
"BG","","1.67M","-64.05%","0","1.67M","-1.67M","0","2"
"DGRO","","1.67M","-84.95%","752.85K","519.62K","233.23K","0","3"
"TFIN","","1.67M","56.06%","0","0","0","0","3"
"WEC","","1.66M","-66.38%","1.24M","421.34K","816.96K","1","1"
"VOE","","1.66M","-90.16%","388.3K","1.28M","-886.86K","0","3"
"BYND","","1.66M","-40.07%","1.32M","344.5K","972.7K","1","2"
"VTYX","","1.66M","21.0%","0","0","0","0","1"
"APTV","","1.65M","-76.61%","934.96K","715.09K","219.87K","0","4"
"IVOO","","1.65M","-62.44%","464.95K","732.25K","-267.3K","1","3"
"SIMO","","1.65M","-71.77%","1.65M","0","1.65M","0","1"
"BLZE","","1.65M","0%","0","1.65M","-1.65M","0","1"
"GLNG","","1.64M","-36.05%","579.53K","1.06M","-483.31K","0","2"
"BWX","","1.64M","-62.23%","0","1.64M","-1.64M","0","3"
"RGEN","","1.64M","-45.62%","785.62K","858.35K","-72.73K","0","3"
"TEL","","1.63M","-78.14%","0","1.63M","-1.63M","0","3"
"SYF","","1.62M","-75.38%","1.3M","321.2K","977.05K","2","1"
"HII","","1.62M","-52.25%","1.62M","0","1.62M","0","2"
"MOAT","","1.62M","-85.57%","455.18K","850.09K","-394.91K","0","3"
"VDC","","1.62M","-46.48%","0","0","0","0","2"
"LIT","","1.62M","-57.08%","0","1.62M","-1.62M","1","2"
"HWKN","","1.62M","-82.79%","0","1.62M","-1.62M","0","1"
"WYNN","","1.61M","-85.5%","1.34M","273.75K","1.06M","0","4"
"KEYS","","1.6M","-88.94%","389.35K","0","389.35K","0","3"
"IBN","","1.6M","-82.1%","626.95K","0","626.95K","0","2"
"ALSN","","1.6M","26.05%","566.16K","0","566.16K","1","1"
"AROC","","1.59M","0.58%","0","1.59M","-1.59M","1","0"
"FULT","","1.59M","47.08%","0","1.59M","-1.59M","0","1"
"WEX","","1.59M","65.78%","1.31M","278.18K","1.03M","0","2"
"VLTO","","1.57M","-92.15%","259.78K","0","259.78K","0","3"
"CMS","","1.57M","-59.76%","554.23K","0","554.23K","0","5"
"STX","","1.57M","-86.31%","0","268.56K","-268.56K","0","2"
"CXW","","1.57M","18.16%","0","1.57M","-1.57M","0","1"
"DIOD","","1.57M","105.43%","1.57M","0","1.57M","0","1"
"HT","","1.57M","254.37%","1.57M","0","1.57M","0","3"
"BOND","","1.56M","-94.64%","795.78K","0","795.78K","0","4"
"PGX","","1.56M","-93.28%","0","1.56M","-1.56M","1","1"
"MBWM","","1.56M","0%","0","1.56M","-1.56M","0","1"
"CARR","","1.55M","-92.0%","712.37K","0","712.37K","0","3"
"GLW","","1.55M","-59.33%","1.21M","347.2K","858.66K","1","1"
"SIGI","","1.55M","-47.7%","0","0","0","0","6"
"NTRA","","1.55M","-65.82%","1.1M","0","1.1M","0","2"
"A","","1.54M","-95.06%","860.0K","0","860.0K","0","3"
"URBN","","1.54M","-86.05%","308.64K","320.87K","-12.23K","0","5"
"KRTX","","1.54M","-61.57%","956.25K","0","956.25K","0","2"
"ICVT","","1.53M","-79.59%","1.22M","0","1.22M","2","3"
"TRGP","","1.52M","-83.59%","0","315.43K","-315.43K","0","3"
"DLN","","1.52M","64.39%","0","886.52K","-886.52K","1","2"
"BBUS","","1.52M","-80.3%","0","1.19M","-1.19M","0","3"
"DY","","1.52M","-66.45%","0","1.52M","-1.52M","1","1"
"SPIB","","1.51M","-92.05%","874.71K","0","874.71K","0","3"
"PR","","1.51M","-51.82%","1.22M","290.36K","927.98K","3","2"
"TIMB","","1.51M","-45.39%","1.51M","0","1.51M","0","1"
"FANG","","1.5M","-93.11%","556.98K","940.78K","-383.8K","0","4"
"DELL","","1.5M","-97.38%","372.6K","1.12M","-751.54K","0","4"
"SKIN","","1.5M","100.37%","1.5M","0","1.5M","1","0"
"BMO","","1.5M","-54.32%","0","1.5M","-1.5M","1","1"
"ZEUS","","1.5M","0%","1.5M","0","1.5M","0","1"
"SCZ","","1.49M","-79.9%","905.64K","0","905.64K","0","4"
"IHF","","1.49M","202.56%","0","0","0","0","1"
"PPBI","","1.49M","58.83%","0","0","0","0","1"
"PCH","","1.49M","0%","1.49M","0","1.49M","0","1"
"PFG","","1.48M","-74.82%","1.48M","0","1.48M","2","1"
"EG","","1.48M","-83.05%","1.06M","0","1.06M","0","2"
"FNDE","","1.48M","-25.04%","1.48M","0","1.48M","0","1"
"VTRS","","1.48M","-27.86%","0","1.48M","-1.48M","2","0"
"ILF","","1.47M","-85.63%","445.74K","511.93K","-66.18K","0","4"
"IMGN","","1.47M","-89.99%","347.64K","1.12M","-773.21K","1","3"
"IT","","1.46M","-93.16%","1.03M","426.3K","603.37K","0","3"
"EXPE","","1.46M","-91.38%","0","1.1M","-1.1M","0","3"
"DSI","","1.46M","-65.51%","830.52K","0","830.52K","0","3"
"JWN","","1.45M","-82.06%","267.48K","896.41K","-628.93K","1","3"
"AXL","","1.45M","-41.58%","1.45M","0","1.45M","0","2"
"LKQ","","1.44M","-40.8%","0","253.99K","-253.99K","1","2"
"BILS","","1.43M","-89.49%","0","702.9K","-702.9K","0","3"
"NXST","","1.43M","-65.58%","0","836.14K","-836.14K","1","2"
"KIE","","1.43M","26.3%","1.43M","0","1.43M","0","3"
"SJM","","1.42M","-66.67%","267.31K","1.16M","-888.27K","0","2"
"PVH","","1.42M","-76.65%","1.11M","0","1.11M","0","2"
"SHW","","1.41M","-95.08%","357.93K","1.05M","-692.16K","0","2"
"PH","","1.41M","-88.19%","1.41M","0","1.41M","0","2"
"UL","","1.41M","-89.42%","612.93K","536.55K","76.38K","0","4"
"SCHP","","1.4M","-95.88%","707.57K","697.17K","10.39K","0","2"
"SNY","","1.4M","-45.64%","0","1.05M","-1.05M","0","3"
"JAAA","","1.4M","-96.5%","1.15M","0","1.15M","0","2"
"FRO","","1.4M","-27.05%","0","1.4M","-1.4M","0","2"
"RWK","","1.4M","22.13%","0","0","0","0","2"
"SD","","1.39M","26.72%","0","1.39M","-1.39M","0","1"
"APP","","1.38M","-63.78%","0","1.38M","-1.38M","0","1"
"ARRY","","1.38M","-38.1%","0","1.38M","-1.38M","1","1"
"VMC","","1.37M","-78.38%","0","1.37M","-1.37M","0","1"
"NTR","","1.36M","-86.07%","815.01K","267.05K","547.95K","2","2"
"GSK","","1.36M","-79.23%","0","1.36M","-1.36M","0","1"
"EHAB","","1.36M","-9.84%","0","1.36M","-1.36M","0","1"
"MSEX","","1.36M","23.57%","1.36M","0","1.36M","0","1"
"GREK","","1.36M","-1.82%","1.36M","0","1.36M","0","1"
"WBA","","1.35M","-90.75%","324.31K","0","324.31K","0","3"
"SWAV","","1.35M","-81.27%","300.22K","787.62K","-487.4K","0","4"
"XYLD","","1.35M","-71.64%","359.96K","991.87K","-631.92K","1","1"
"FBND","","1.34M","-92.5%","680.7K","0","680.7K","0","4"
"AUTL","","1.34M","-70.07%","0","1.34M","-1.34M","1","1"
"SVXY","","1.32M","43.2%","364.76K","953.56K","-588.8K","0","3"
"BCPC","","1.32M","232.23%","0","1.32M","-1.32M","0","1"
"SRDX","","1.31M","-40.43%","0","1.31M","-1.31M","0","1"
"HAIN","","1.31M","-36.06%","1.31M","0","1.31M","0","1"
"GDRX","","1.31M","117.59%","0","1.31M","-1.31M","0","1"
"ICFI","","1.31M","171.66%","0","0","0","1","0"
"USMC","","1.3M","-60.66%","0","0","0","0","1"
"INN","","1.3M","-39.26%","1.3M","0","1.3M","0","1"
"SAM","","1.3M","-37.17%","1.3M","0","1.3M","0","2"
"BJ","","1.29M","-89.71%","0","273.4K","-273.4K","0","3"
"CHD","","1.29M","-78.55%","911.8K","0","911.8K","0","2"
"HOLX","","1.29M","-92.56%","287.1K","0","287.1K","1","1"
"GTLS","","1.29M","-13.7%","0","1.29M","-1.29M","0","1"
"BBIN","","1.29M","-65.27%","762.47K","0","762.47K","0","2"
"NSIT","","1.29M","-0.94%","0","1.29M","-1.29M","0","1"
"JBGS","","1.29M","93.19%","0","0","0","0","2"
"TPR","","1.28M","-78.94%","0","0","0","0","1"
"SRLN","","1.28M","-92.48%","296.75K","983.93K","-687.19K","0","2"
"CBAY","","1.28M","-47.51%","0","428.51K","-428.51K","0","3"
"TDG","","1.27M","-96.25%","0","1.27M","-1.27M","0","1"
"WY","","1.26M","-87.11%","419.95K","0","419.95K","0","2"
"IEX","","1.25M","-96.86%","0","0","0","0","2"
"SDS","","1.25M","-86.49%","331.9K","0","331.9K","0","3"
"EDV","","1.25M","-67.15%","0","605.96K","-605.96K","1","3"
"FLS","","1.25M","-78.34%","0","380.2K","-380.2K","0","3"
"NXT","","1.25M","-48.73%","0","1.25M","-1.25M","0","2"
"OLED","","1.24M","-42.3%","0","0","0","0","1"
"VIPS","","1.23M","-67.3%","619.16K","0","619.16K","0","2"
"FTV","","1.22M","-91.91%","381.18K","0","381.18K","0","2"
"GEHC","","1.22M","-87.0%","1.22M","0","1.22M","0","2"
"JCI","","1.22M","-92.55%","0","824.36K","-824.36K","0","3"
"MTUM","","1.22M","-90.88%","0","680.28K","-680.28K","2","1"
"UVE","","1.22M","-61.02%","0","1.22M","-1.22M","0","1"
"EXR","","1.21M","-87.47%","432.46K","528.61K","-96.15K","1","2"
"GNR","","1.21M","-77.41%","1.21M","0","1.21M","0","1"
"DHT","","1.21M","-11.73%","1.21M","0","1.21M","1","0"
"GPS","","1.2M","-96.0%","0","254.31K","-254.31K","0","3"
"IQV","","1.2M","-96.88%","941.59K","260.63K","680.95K","0","3"
"CWEB","","1.2M","-14.25%","1.2M","0","1.2M","1","0"
"JNUG","","1.2M","-14.59%","553.14K","650.65K","-97.51K","2","1"
"PKW","","1.2M","10.97%","0","1.2M","-1.2M","0","1"
"DRI","","1.19M","-68.19%","303.28K","609.91K","-306.62K","1","3"
"SPMB","","1.19M","-85.31%","1.19M","0","1.19M","0","1"
"DDM","","1.19M","201.43%","1.19M","0","1.19M","0","1"
"LBTYA","","1.18M","-67.69%","0","0","0","0","2"
"OHI","","1.18M","-10.02%","695.05K","0","695.05K","0","2"
"INCY","","1.18M","-55.39%","0","266.6K","-266.6K","0","2"
"MGEE","","1.18M","43.39%","0","1.18M","-1.18M","0","1"
"HIG","","1.17M","-85.26%","0","384.03K","-384.03K","0","2"
"MGC","","1.17M","-73.02%","0","874.19K","-874.19K","1","1"
"ALE","","1.17M","11.71%","584.39K","586.62K","-2.23K","0","2"
"NTRS","","1.16M","-43.76%","0","0","0","0","2"
"TEAM","","1.16M","-83.2%","832.45K","0","832.45K","0","3"
"VLUE","","1.16M","-74.45%","0","0","0","0","2"
"YLD","","1.16M","-27.02%","1.16M","0","1.16M","0","1"
"COLM","","1.16M","-38.89%","1.16M","0","1.16M","0","1"
"FLO","","1.15M","-70.35%","0","0","0","0","1"
"PCAR","","1.14M","-92.92%","333.41K","494.64K","-161.23K","1","2"
"FE","","1.14M","-92.45%","1.14M","0","1.14M","1","2"
"CHRW","","1.14M","-73.92%","0","1.14M","-1.14M","0","1"
"FOX","","1.14M","-84.83%","1.14M","0","1.14M","0","1"
"NOVA","","1.13M","-69.39%","0","1.13M","-1.13M","0","1"
"FEX","","1.13M","0%","0","0","0","0","1"
"ILCB","","1.12M","-24.71%","313.9K","0","313.9K","0","3"
"ENTA","","1.12M","0%","0","1.12M","-1.12M","0","1"
"CTRA","","1.11M","-94.48%","525.1K","581.5K","-56.4K","0","3"
"FLT","","1.11M","-42.07%","0","1.11M","-1.11M","0","2"
"NTLA","","1.11M","-43.08%","564.98K","548.26K","16.72K","2","2"
"STVN","","1.11M","-1.35%","0","0","0","0","2"
"NBIX","","1.11M","-79.2%","0","0","0","0","1"
"DOV","","1.1M","-86.48%","313.05K","0","313.05K","0","3"
"CTAS","","1.1M","-83.49%","0","1.1M","-1.1M","0","1"
"CHS","","1.1M","-70.74%","0","1.1M","-1.1M","0","2"
"MOH","","1.1M","-63.47%","366.78K","0","366.78K","0","3"
"ARKG","","1.1M","-84.54%","1.1M","0","1.1M","2","0"
"VNOM","","1.1M","-55.67%","0","1.1M","-1.1M","0","1"
"DUHP","","1.1M","-71.8%","290.25K","0","290.25K","0","2"
"CASH","","1.1M","-57.41%","0","0","0","0","2"
"BAND","","1.1M","-11.29%","1.1M","0","1.1M","0","1"
"CBOE","","1.09M","-94.53%","0","1.09M","-1.09M","0","1"
"SEDG","","1.09M","-95.06%","0","1.09M","-1.09M","1","1"
"VFC","","1.09M","-79.35%","0","0","0","0","3"
"SBSW","","1.09M","-56.88%","1.09M","0","1.09M","0","3"
"WOLF","","1.08M","-86.72%","252.0K","829.6K","-577.6K","0","3"
"BNS","","1.08M","-49.73%","0","1.08M","-1.08M","0","1"
"IDYA","","1.08M","-83.37%","1.08M","0","1.08M","0","1"
"BMA","","1.08M","-37.3%","300.51K","0","300.51K","1","1"
"ANIK","","1.08M","0%","1.08M","0","1.08M","0","1"
"EWW","","1.07M","-91.02%","814.78K","0","814.78K","2","1"
"Z","","1.07M","-94.94%","1.07M","0","1.07M","0","2"
"NVDL","","1.07M","-80.18%","257.82K","499.8K","-241.97K","0","3"
"CNHI","","1.07M","-88.08%","0","1.07M","-1.07M","0","1"
"EXAS","","1.07M","-83.19%","0","1.07M","-1.07M","0","1"
"BN","","1.07M","-83.71%","1.07M","0","1.07M","1","1"
"CNK","","1.07M","-65.19%","0","682.99K","-682.99K","1","1"
"DDD","","1.07M","8.85%","1.07M","0","1.07M","1","0"
"PKG","","1.06M","-81.95%","774.56K","0","774.56K","0","2"
"ICSH","","1.06M","-94.96%","0","0","0","0","3"
"IBB","","1.06M","-88.88%","1.06M","0","1.06M","1","0"
"AVUS","","1.06M","-84.99%","0","0","0","0","2"
"AIZ","","1.05M","-77.74%","276.55K","261.23K","15.32K","0","3"
"IFRA","","1.05M","-60.82%","0","1.05M","-1.05M","0","1"
"BOX","","1.05M","-33.01%","1.05M","0","1.05M","0","1"
"URNM","","1.04M","-84.52%","720.57K","0","720.57K","0","3"
"SPTM","","1.04M","-93.18%","0","0","0","0","3"
"QYLD","","1.04M","-80.67%","376.58K","663.39K","-286.81K","0","3"
"BXC","","1.04M","0%","1.04M","0","1.04M","0","1"
"EZU","","1.03M","-93.15%","0","0","0","0","2"
"INMD","","1.03M","-27.5%","0","1.03M","-1.03M","0","1"
"FNDF","","1.03M","-78.16%","609.39K","418.21K","191.18K","0","2"
"CDE","","1.03M","-19.46%","0","0","0","0","1"
"REMX","","1.03M","-39.04%","1.03M","0","1.03M","1","1"
"ARLO","","1.03M","26.17%","0","1.03M","-1.03M","0","1"
"GIC","","1.03M","99.65%","0","1.03M","-1.03M","0","1"
"UCO","","1.02M","-74.69%","0","747.25K","-747.25K","1","1"
"CIBR","","1.02M","-58.73%","1.02M","0","1.02M","0","1"
"GFL","","1.01M","-65.11%","0","1.01M","-1.01M","1","1"
"BE","","1.01M","-55.58%","0","0","0","0","1"
"FORM","","1.01M","-61.97%","1.01M","0","1.01M","0","1"
"INGN","","1.01M","0%","1.01M","0","1.01M","0","1"
"AI","","1.0M","-91.46%","265.42K","285.7K","-20.28K","1","2"
"ARW","","1.0M","-87.25%","0","0","0","1","0"
"UTHR","","1.0M","-57.41%","1.0M","0","1.0M","0","1"
"DRIP","","1.0M","88.63%","0","1.0M","-1.0M","2","1"
"TRS","","1.0M","-0.97%","1.0M","0","1.0M","0","1"
"LAD","","1.0M","-74.23%","1.0M","0","1.0M","0","1"
"GNW","","1.0M","0%","1.0M","0","1.0M","1","0"
"SUSA","","998.08K","-49.38%","437.18K","0","437.18K","0","3"
"FLRN","","997.1K","-89.1%","0","997.1K","-997.1K","0","1"
"SYNA","","979.07K","8.94%","0","589.69K","-589.69K","1","1"
"ATEN","","977.85K","-69.14%","0","683.65K","-683.65K","0","2"
"CWEN","","976.75K","0%","482.13K","494.63K","-12.5K","1","1"
"YMM","","970.58K","-87.72%","544.82K","0","544.82K","0","3"
"SAFE","","970.0K","253.76%","0","388.0K","-388.0K","0","3"
"CZR","","967.59K","-65.43%","967.59K","0","967.59K","0","1"
"GOVZ","","965.68K","216.37%","0","965.68K","-965.68K","0","1"
"MKTX","","962.06K","-47.29%","0","0","0","0","1"
"TEVA","","961.38K","-85.77%","961.38K","0","961.38K","0","1"
"LI","","960.57K","-87.37%","0","0","0","0","2"
"BHP","","958.42K","-74.76%","0","0","0","0","3"
"BZ","","958.2K","-78.52%","958.2K","0","958.2K","1","1"
"ARGT","","954.81K","-35.56%","464.55K","490.26K","-25.71K","0","2"
"HMY","","954.43K","0%","300.56K","0","300.56K","0","3"
"EXP","","952.28K","-40.44%","952.28K","0","952.28K","0","1"
"SPEM","","950.81K","-93.67%","0","693.58K","-693.58K","0","2"
"NUE","","943.99K","-81.85%","943.99K","0","943.99K","0","2"
"JBI","","934.94K","-57.25%","0","0","0","0","2"
"GL","","934.57K","-56.75%","934.57K","0","934.57K","0","2"
"RIO","","933.96K","-86.41%","0","0","0","0","2"
"MHK","","932.55K","-84.07%","0","383.92K","-383.92K","0","2"
"COF","","926.84K","-96.29%","926.84K","0","926.84K","0","2"
"PRF","","925.46K","-68.9%","0","925.46K","-925.46K","1","0"
"SCHC","","924.3K","-32.89%","332.27K","592.03K","-259.76K","0","2"
"UDR","","923.86K","-90.62%","0","404.43K","-404.43K","0","2"
"SKT","","921.88K","-33.81%","921.88K","0","921.88K","0","1"
"TKO","","921.6K","-93.09%","0","921.6K","-921.6K","1","0"
"PDBC","","918.42K","-93.77%","0","544.3K","-544.3K","0","2"
"UTWO","","913.54K","152.65%","0","913.54K","-913.54K","0","1"
"NRG","","911.6K","-89.0%","622.45K","0","622.45K","0","3"
"BR","","906.59K","-79.12%","634.03K","0","634.03K","0","3"
"PWZ","","904.82K","4.57%","904.82K","0","904.82K","0","1"
"SONY","","901.9K","-42.36%","0","310.75K","-310.75K","0","2"
"EDU","","898.98K","-82.11%","521.98K","377.0K","144.98K","0","3"
"SLAB","","898.22K","-62.01%","306.84K","591.38K","-284.54K","1","2"
"PLUG","","890.53K","-76.16%","290.58K","0","290.58K","0","3"
"EMLC","","889.4K","-91.81%","0","889.4K","-889.4K","1","0"
"OKTA","","889.26K","-85.89%","380.92K","508.34K","-127.42K","0","2"
"CLDX","","889.12K","-72.68%","0","0","0","0","2"
"KNSL","","883.86K","-75.93%","0","883.86K","-883.86K","1","0"
"CCOI","","881.46K","-47.55%","0","0","0","0","1"
"TFX","","880.02K","-59.92%","880.02K","0","880.02K","0","2"
"CVNA","","879.8K","-87.9%","377.4K","502.4K","-125.0K","1","1"
"IMCR","","878.62K","-78.58%","0","878.62K","-878.62K","0","1"
"VNT","","877.8K","-12.13%","0","877.8K","-877.8K","0","1"
"GSAT","","875.64K","0%","875.64K","0","875.64K","0","2"
"UFPI","","875.6K","-13.62%","875.6K","0","875.6K","0","2"
"XP","","874.08K","-89.5%","0","874.08K","-874.08K","2","1"
"DFAC","","873.22K","-93.29%","447.18K","0","447.18K","0","2"
"EWC","","867.0K","-91.69%","867.0K","0","867.0K","0","2"
"ECVT","","861.13K","0%","861.13K","0","861.13K","0","2"
"TGH","","859.38K","-93.81%","546.67K","0","546.67K","0","3"
"GEN","","859.13K","-93.27%","0","859.13K","-859.13K","0","2"
"ESAB","","856.3K","-10.55%","0","0","0","0","2"
"NRC","","855.37K","130.75%","855.37K","0","855.37K","0","2"
"CHTR","","853.09K","-96.12%","447.39K","0","447.39K","0","2"
"SPSB","","851.88K","-91.28%","0","851.88K","-851.88K","0","2"
"AME","","842.76K","-90.78%","0","842.76K","-842.76K","0","2"
"MOD","","837.84K","-44.81%","837.84K","0","837.84K","0","1"
"FITB","","833.17K","-78.76%","833.17K","0","833.17K","1","1"
"CFG","","830.48K","-88.52%","570.96K","259.52K","311.43K","0","3"
"LEVI","","830.37K","-71.78%","0","830.37K","-830.37K","0","1"
"TTE","","826.65K","-76.74%","0","275.16K","-275.16K","0","3"
"AZEK","","821.34K","-75.63%","0","548.56K","-548.56K","0","2"
"GSHD","","818.98K","-13.98%","0","818.98K","-818.98K","0","1"
"CPB","","816.77K","-82.12%","816.77K","0","816.77K","1","2"
"FMC","","814.51K","-64.76%","0","547.98K","-547.98K","0","3"
"EWP","","814.36K","-87.41%","814.36K","0","814.36K","0","1"
"ED","","812.73K","-92.09%","812.73K","0","812.73K","0","2"
"ROIV","","809.98K","-78.65%","0","0","0","0","2"
"MGRC","","809.26K","-43.83%","0","0","0","1","1"
"DFAS","","805.7K","-85.69%","805.7K","0","805.7K","0","2"
"CYTK","","802.5K","-92.97%","0","802.5K","-802.5K","1","0"
"KRG","","800.25K","-89.28%","0","0","0","1","0"
"NSTG","","798.54K","-52.13%","419.6K","0","419.6K","1","1"
"TAST","","797.11K","0%","0","797.11K","-797.11K","1","0"
"HA","","795.76K","193.15%","0","473.34K","-473.34K","1","1"
"IBKR","","793.71K","-77.37%","0","793.71K","-793.71K","1","0"
"OEC","","787.96K","171.56%","0","0","0","0","1"
"TTWO","","787.23K","-91.45%","787.23K","0","787.23K","0","1"
"BCO","","785.88K","-32.27%","0","392.86K","-392.86K","0","2"
"LTPZ","","783.6K","4.02%","783.6K","0","783.6K","0","2"
"ELV","","781.29K","-98.03%","781.29K","0","781.29K","0","1"
"NICE","","778.22K","-96.14%","778.22K","0","778.22K","0","1"
"JMBS","","777.36K","-86.44%","0","519.58K","-519.58K","0","2"
"AMC","","773.9K","-54.54%","326.01K","0","326.01K","0","2"
"FALN","","771.19K","-51.77%","771.19K","0","771.19K","0","1"
"FWONK","","768.03K","-92.38%","0","0","0","0","2"
"JHMM","","767.79K","-78.89%","417.79K","350.0K","67.79K","0","2"
"IR","","766.8K","-94.21%","0","462.22K","-462.22K","0","2"
"ETR","","762.42K","-94.57%","343.94K","0","343.94K","0","2"
"PNW","","761.9K","-94.9%","761.9K","0","761.9K","0","1"
"SKF","","757.17K","0%","757.17K","0","757.17K","0","2"
"CRNX","","750.97K","-78.09%","475.08K","275.89K","199.19K","1","1"
"FERG","","746.11K","-80.09%","0","746.11K","-746.11K","0","2"
"GPN","","745.39K","-89.6%","468.32K","277.07K","191.25K","0","2"
"FXY","","744.72K","-90.83%","0","744.72K","-744.72K","0","2"
"KB","","743.4K","-97.66%","743.4K","0","743.4K","0","1"
"SBAC","","739.59K","-83.25%","739.59K","0","739.59K","0","2"
"CGDV","","739.05K","-93.62%","0","0","0","0","2"
"RACE","","737.1K","-48.9%","737.1K","0","737.1K","0","2"
"MPW","","736.21K","-69.72%","0","432.48K","-432.48K","1","1"
"SVOL","","735.36K","-9.1%","735.36K","0","735.36K","0","2"
"PGF","","733.6K","124.7%","733.6K","0","733.6K","0","1"
"RVTY","","732.9K","-23.84%","0","732.9K","-732.9K","0","2"
"BCE","","730.3K","-90.52%","730.3K","0","730.3K","1","1"
"MUR","","724.2K","-92.17%","0","0","0","0","2"
"MXL","","712.02K","-28.0%","0","712.02K","-712.02K","1","0"
"ITA","","710.08K","-81.0%","710.08K","0","710.08K","0","2"
"FDLO","","707.88K","-80.01%","707.88K","0","707.88K","0","1"
"HDEF","","705.25K","-11.03%","705.25K","0","705.25K","0","1"
"FDVV","","704.9K","-64.66%","704.9K","0","704.9K","0","2"
"MFC","","699.74K","-98.56%","699.74K","0","699.74K","0","1"
"IVOL","","696.98K","-11.0%","696.98K","0","696.98K","0","1"
"SYK","","695.93K","-96.4%","695.93K","0","695.93K","0","2"
"VOT","","695.62K","-93.06%","0","442.57K","-442.57K","0","2"
"RHP","","693.78K","1.77%","0","0","0","0","1"
"ESGE","","693.75K","-52.88%","322.87K","370.88K","-48.01K","0","2"
"LAZ","","693.5K","-69.62%","0","0","0","0","1"
"AMR","","692.46K","-55.03%","692.46K","0","692.46K","0","2"
"ASML","","691.39K","-96.46%","691.39K","0","691.39K","0","1"
"CNQ","","690.98K","-98.14%","0","361.58K","-361.58K","0","2"
"RLJ","","690.76K","43.17%","0","0","0","0","1"
"BPMC","","685.13K","-87.12%","0","0","0","0","2"
"FCF","","684.31K","0%","684.31K","0","684.31K","0","1"
"SNV","","683.51K","-42.75%","0","385.06K","-385.06K","0","2"
"MLN","","682.1K","-77.51%","682.1K","0","682.1K","0","2"
"PDCO","","682.02K","-83.51%","682.02K","0","682.02K","0","1"
"RWM","","681.54K","-55.63%","0","0","0","0","2"
"RGA","","681.37K","-89.54%","0","0","0","0","1"
"PZZA","","680.13K","14.23%","0","680.13K","-680.13K","0","1"
"FNDC","","675.86K","-18.39%","0","0","0","0","1"
"NNN","","672.69K","-77.83%","672.69K","0","672.69K","0","1"
"SAN","","670.08K","10.14%","0","670.08K","-670.08K","0","2"
"RDN","","664.5K","-31.51%","0","0","0","1","0"
"MDGL","","660.81K","-77.47%","660.81K","0","660.81K","0","2"
"VWOB","","660.51K","-85.73%","660.51K","0","660.51K","0","2"
"AES","","659.67K","-87.14%","303.67K","356.0K","-52.34K","1","1"
"SECT","","658.46K","-42.29%","0","0","0","0","1"
"ATO","","657.52K","-96.1%","0","266.11K","-266.11K","0","2"
"HYLB","","657.13K","-98.48%","0","657.13K","-657.13K","0","1"
"JJSF","","656.4K","-41.16%","386.97K","269.43K","117.55K","0","2"
"WIX","","655.86K","-71.35%","0","655.86K","-655.86K","0","1"
"FELE","","654.55K","-81.67%","0","654.55K","-654.55K","0","1"
"SXI","","654.41K","0%","0","337.99K","-337.99K","0","2"
"SYM","","654.39K","-82.68%","0","654.39K","-654.39K","1","1"
"RUN","","650.52K","-84.97%","0","650.52K","-650.52K","1","1"
"AMLP","","648.69K","-82.78%","648.69K","0","648.69K","1","0"
"OLK","","646.25K","-92.47%","0","646.25K","-646.25K","0","1"
"VRT","","644.63K","-96.36%","0","644.63K","-644.63K","1","1"
"GSLC","","643.12K","-88.55%","643.12K","0","643.12K","0","2"
"J","","641.97K","-96.76%","0","333.1K","-333.1K","0","2"
"SMIN","","641.14K","-41.41%","250.91K","390.23K","-139.31K","0","2"
"STT","","639.71K","-89.57%","639.71K","0","639.71K","0","2"
"CCK","","639.4K","-95.8%","0","348.6K","-348.6K","1","1"
"KT","","638.0K","-67.23%","638.0K","0","638.0K","0","1"
"CSL","","637.57K","-42.15%","637.57K","0","637.57K","0","2"
"PNTG","","629.3K","-14.98%","0","0","0","0","2"
"XSOE","","627.69K","-1.7%","627.69K","0","627.69K","0","1"
"JKS","","627.5K","-77.78%","259.25K","368.25K","-109.0K","1","1"
"DFS","","626.48K","-92.56%","349.08K","277.41K","71.67K","0","2"
"HTGC","","626.0K","28.57%","626.0K","0","626.0K","0","1"
"CDW","","625.2K","-93.97%","0","0","0","0","2"
"TGNA","","624.69K","-81.47%","0","0","0","0","1"
"PEAK","","623.23K","-84.46%","623.23K","0","623.23K","2","0"
"FUTY","","622.98K","-71.37%","622.98K","0","622.98K","1","0"
"CAR","","616.11K","-46.5%","616.11K","0","616.11K","0","2"
"TRU","","615.11K","-98.25%","0","0","0","0","1"
"SJNK","","615.04K","-93.2%","295.38K","0","295.38K","0","2"
"DISV","","614.95K","-48.67%","0","0","0","0","2"
"LEGN","","613.6K","-94.05%","0","303.45K","-303.45K","0","2"
"BALL","","613.38K","-93.38%","613.38K","0","613.38K","1","1"
"UVIX","","612.5K","-20.45%","0","612.5K","-612.5K","0","2"
"CVE","","610.47K","-94.79%","0","610.47K","-610.47K","0","2"
"CHWY","","610.11K","-94.58%","0","259.84K","-259.84K","1","1"
"FSR","","608.33K","-87.38%","310.8K","0","310.8K","0","2"
"ZION","","607.86K","-89.45%","332.58K","275.28K","57.3K","1","1"
"BUD","","607.1K","-49.89%","0","291.31K","-291.31K","1","1"
"ENB","","605.66K","-91.62%","338.49K","0","338.49K","0","2"
"JQUA","","605.51K","-97.89%","0","605.51K","-605.51K","1","1"
"FNV","","601.81K","-67.72%","293.27K","308.54K","-15.28K","1","1"
"PCTY","","601.06K","-84.94%","0","0","0","0","1"
"WTRG","","599.78K","-56.54%","0","0","0","0","1"
"NVST","","598.17K","-75.22%","328.08K","0","328.08K","1","1"
"SGDJ","","598.09K","0%","598.09K","0","598.09K","1","0"
"ASC","","597.64K","-66.49%","0","597.64K","-597.64K","1","0"
"OLMA","","596.7K","-74.72%","596.7K","0","596.7K","0","1"
"CROX","","595.22K","-82.43%","0","595.22K","-595.22K","0","1"
"HXL","","594.48K","-58.3%","0","594.48K","-594.48K","0","1"
"ALK","","592.94K","-34.38%","0","326.04K","-326.04K","1","1"
"IGOV","","587.85K","-20.82%","587.85K","0","587.85K","0","2"
"WCN","","586.52K","-94.77%","0","319.94K","-319.94K","0","2"
"LVS","","585.73K","-96.88%","257.56K","0","257.56K","0","2"
"HOOD","","585.5K","-95.15%","281.86K","303.64K","-21.78K","1","1"
"KRYS","","585.25K","-65.07%","0","0","0","0","1"
"DFIV","","583.91K","-83.32%","0","0","0","0","1"
"YELP","","583.46K","-87.34%","0","583.46K","-583.46K","0","1"
"JDST","","583.31K","-80.82%","583.31K","0","583.31K","0","1"
"AR","","582.41K","-73.98%","582.41K","0","582.41K","0","1"
"ITCI","","580.54K","-82.12%","0","0","0","0","1"
"AMP","","578.79K","-77.45%","578.79K","0","578.79K","0","1"
"AWR","","576.06K","-91.9%","0","0","0","0","1"
"UPST","","574.67K","-86.36%","0","574.67K","-574.67K","1","1"
"HY","","569.17K","-84.37%","569.17K","0","569.17K","0","1"
"NTNX","","568.23K","-90.52%","0","0","0","0","2"
"VAC","","567.72K","-83.95%","567.72K","0","567.72K","0","2"
"VTLE","","567.65K","110.57%","567.65K","0","567.65K","2","0"
"MNRO","","566.0K","0%","0","0","0","0","1"
"ORA","","565.89K","-71.87%","565.89K","0","565.89K","0","1"
"IOO","","565.56K","-48.18%","0","565.56K","-565.56K","0","1"
"RRX","","563.91K","-89.05%","299.37K","264.54K","34.83K","0","2"
"CRI","","561.43K","-84.91%","0","289.07K","-289.07K","0","2"
"BILI","","560.0K","-80.37%","0","560.0K","-560.0K","1","0"
"CTLT","","559.17K","-95.53%","277.1K","0","277.1K","1","1"
"KLAC","","556.41K","-97.59%","0","0","0","0","1"
"ACES","","555.67K","0%","555.67K","0","555.67K","0","1"
"TM","","552.69K","-63.37%","0","552.69K","-552.69K","1","0"
"GAL","","548.91K","-50.0%","0","548.91K","-548.91K","0","1"
"IDU","","548.0K","-12.65%","0","273.98K","-273.98K","0","2"
"PHAT","","547.5K","0%","0","0","0","0","1"
"EPS","","547.0K","28.48%","547.0K","0","547.0K","0","1"
"VOD","","546.81K","-86.92%","273.51K","273.3K","208.8","0","2"
"AGQ","","541.62K","-47.81%","0","256.14K","-256.14K","0","2"
"TIP","","537.15K","-98.55%","0","537.15K","-537.15K","0","1"
"TWM","","534.45K","-80.01%","0","534.45K","-534.45K","0","1"
"NCLH","","534.29K","-94.63%","283.77K","0","283.77K","1","1"
"NOV","","532.26K","-72.56%","0","0","0","0","1"
"VRP","","531.71K","-85.27%","0","531.71K","-531.71K","0","2"
"MDU","","531.44K","-19.62%","266.7K","264.74K","1.96K","0","2"
"QQQJ","","528.3K","-29.09%","0","0","0","0","1"
"ELF","","527.71K","-95.09%","0","272.16K","-272.16K","1","1"
"KOMP","","527.61K","-45.2%","0","0","0","0","1"
"ARE","","527.26K","-81.7%","264.11K","0","264.11K","0","2"
"KAI","","519.58K","-92.3%","519.58K","0","519.58K","0","1"
"WRB","","519.17K","-86.21%","0","519.17K","-519.17K","1","1"
"MRUS","","517.89K","-30.94%","0","517.89K","-517.89K","1","1"
"XAR","","517.4K","-21.34%","517.4K","0","517.4K","0","1"
"UNM","","516.44K","-92.82%","516.44K","0","516.44K","0","1"
"PPG","","515.78K","-96.59%","0","515.78K","-515.78K","0","1"
"VSDA","","514.32K","0%","0","514.32K","-514.32K","0","1"
"PSN","","512.12K","-95.49%","0","0","0","0","1"
"KSS","","509.18K","-96.32%","509.18K","0","509.18K","1","0"
"PAG","","507.98K","-78.79%","0","507.98K","-507.98K","0","1"
"XT","","507.3K","-92.27%","507.3K","0","507.3K","0","1"
"IDV","","507.01K","-46.63%","0","0","0","0","1"
"NTCT","","506.11K","-45.71%","506.11K","0","506.11K","0","1"
"TRI","","504.29K","-93.36%","504.29K","0","504.29K","0","1"
"IXN","","502.5K","-39.25%","502.5K","0","502.5K","1","0"
"NKLA","","502.12K","64.65%","502.12K","0","502.12K","0","1"
"YY","","500.38K","-93.97%","0","0","0","0","1"
"AMAM","","500.0K","-8.61%","500.0K","0","500.0K","0","1"
"PNT","","499.31K","-92.08%","0","0","0","0","1"
"VRRM","","498.5K","-68.21%","0","0","0","0","1"
"RFV","","497.85K","-83.9%","0","0","0","0","1"
"RDFN","","496.07K","-43.36%","0","0","0","0","1"
"VSS","","495.81K","-85.9%","0","0","0","0","1"
"PLUS","","494.52K","-44.69%","0","494.52K","-494.52K","0","1"
"ALGM","","492.91K","-46.84%","0","492.91K","-492.91K","1","0"
"MOR","","491.92K","-67.61%","0","0","0","0","1"
"BL","","488.09K","-86.57%","0","488.09K","-488.09K","1","0"
"VRNT","","484.05K","-23.19%","484.05K","0","484.05K","0","1"
"ITW","","481.77K","-96.81%","481.77K","0","481.77K","0","1"
"EPP","","480.16K","-62.91%","480.16K","0","480.16K","0","1"
"VIGI","","478.72K","-93.7%","0","0","0","0","1"
"USRT","","477.85K","-78.72%","0","477.85K","-477.85K","1","0"
"KBWB","","476.02K","-90.12%","476.02K","0","476.02K","0","1"
"ALXO","","475.0K","-81.6%","0","475.0K","-475.0K","0","1"
"DGX","","474.11K","-91.91%","0","474.11K","-474.11K","0","1"
"VSAT","","473.92K","-44.65%","0","0","0","0","1"
"SGRY","","470.74K","-90.32%","470.74K","0","470.74K","1","0"
"IRTC","","468.23K","-79.68%","0","0","0","0","1"
"NS","","467.0K","-65.81%","0","0","0","0","1"
"HUBS","","466.45K","-95.27%","0","466.45K","-466.45K","0","1"
"PINK","","461.39K","0%","0","461.39K","-461.39K","0","1"
"OMC","","460.53K","-79.56%","0","460.53K","-460.53K","1","0"
"SNEX","","459.99K","-86.13%","0","459.99K","-459.99K","0","1"
"DAVA","","459.33K","-43.8%","0","0","0","0","1"
"CAVA","","454.08K","-88.14%","454.08K","0","454.08K","0","1"
"CPRX","","453.91K","-68.38%","0","453.91K","-453.91K","1","0"
"AKAM","","453.2K","-96.9%","453.2K","0","453.2K","0","1"
"FTEC","","448.91K","-89.7%","0","0","0","0","1"
"OPCH","","448.88K","-71.77%","0","0","0","0","1"
"SBRA","","448.51K","-85.86%","0","0","0","0","1"
"KMX","","448.03K","-97.4%","0","0","0","0","1"
"GSY","","447.75K","-91.63%","0","447.75K","-447.75K","0","1"
"IQ","","447.33K","-73.07%","447.33K","0","447.33K","0","1"
"GMF","","444.36K","-26.7%","0","444.36K","-444.36K","0","1"
"HR","","443.68K","-89.29%","443.68K","0","443.68K","0","1"
"FV","","440.34K","-27.33%","440.34K","0","440.34K","0","1"
"SPMO","","439.64K","-83.27%","0","439.64K","-439.64K","0","1"
"MODN","","438.63K","0%","0","0","0","0","1"
"LSPD","","437.28K","-22.2%","0","437.28K","-437.28K","1","0"
"NFE","","435.12K","-85.24%","0","0","0","0","1"
"FF","","433.93K","0%","0","433.93K","-433.93K","0","1"
"STM","","433.69K","-84.45%","0","0","0","0","1"
"TRNO","","429.85K","-69.02%","0","0","0","0","1"
"JBLU","","429.0K","-85.9%","429.0K","0","429.0K","0","1"
"LPG","","424.6K","-86.04%","424.6K","0","424.6K","0","1"
"PWR","","423.95K","-94.98%","0","423.95K","-423.95K","0","1"
"IYK","","423.47K","-77.0%","0","423.47K","-423.47K","0","1"
"OCSL","","422.74K","-70.1%","0","0","0","0","1"
"SGML","","421.85K","-91.37%","0","421.85K","-421.85K","0","1"
"ESMT","","421.54K","-97.56%","0","421.54K","-421.54K","0","1"
"HLIO","","421.41K","-63.14%","0","421.41K","-421.41K","0","1"
"ROM","","419.56K","-55.08%","0","419.56K","-419.56K","0","1"
"PEN","","419.32K","-91.65%","0","0","0","0","1"
"LTHM","","417.02K","-94.68%","0","417.02K","-417.02K","0","1"
"SF","","414.29K","-62.81%","0","414.29K","-414.29K","0","1"
"VOOV","","410.75K","-54.69%","410.75K","0","410.75K","0","1"
"FRHC","","409.15K","45.28%","409.15K","0","409.15K","0","1"
"R","","408.98K","-92.02%","0","408.98K","-408.98K","0","1"
"NVAX","","406.8K","-61.38%","0","406.8K","-406.8K","0","1"
"HAUZ","","406.49K","-6.29%","406.49K","0","406.49K","0","1"
"VFMF","","404.87K","-2.71%","404.87K","0","404.87K","0","1"
"CLF","","404.64K","-88.98%","404.64K","0","404.64K","0","1"
"AOA","","402.87K","-92.5%","0","0","0","0","1"
"MGM","","402.1K","-90.41%","402.1K","0","402.1K","0","1"
"KWR","","402.02K","-99.13%","402.02K","0","402.02K","0","1"
"SCHK","","400.31K","-75.77%","400.31K","0","400.31K","0","1"
"BBMC","","400.18K","-85.58%","0","0","0","0","1"
"GOGL","","399.85K","49.8%","399.85K","0","399.85K","0","1"
"SSSS","","399.52K","0%","0","0","0","0","1"
"CWB","","398.88K","-90.22%","0","398.88K","-398.88K","0","1"
"AMN","","398.69K","-76.4%","0","0","0","0","1"
"DAR","","396.8K","-96.93%","0","396.8K","-396.8K","1","0"
"ASTS","","394.0K","-26.69%","394.0K","0","394.0K","0","1"
"TDOC","","392.74K","-92.89%","0","0","0","1","0"
"CBRE","","392.52K","-97.37%","0","392.52K","-392.52K","0","1"
"MKSI","","392.43K","-82.52%","0","0","0","0","1"
"URA","","391.77K","-91.32%","391.77K","0","391.77K","0","1"
"SPHB","","391.32K","-86.36%","0","0","0","0","1"
"ZBRA","","389.51K","-95.27%","389.51K","0","389.51K","0","1"
"DWAS","","389.0K","24.89%","389.0K","0","389.0K","0","1"
"OLN","","388.22K","-89.44%","0","0","0","0","1"
"CABA","","387.47K","-96.32%","0","0","0","0","1"
"XENE","","386.78K","-89.26%","0","0","0","0","1"
"GVI","","383.4K","-98.79%","0","383.4K","-383.4K","0","1"
"VIXM","","383.35K","-0.15%","383.35K","0","383.35K","1","0"
"AVDV","","382.31K","-82.12%","382.31K","0","382.31K","0","1"
"PAVE","","382.17K","-98.57%","382.17K","0","382.17K","0","1"
"CORT","","382.05K","-85.97%","382.05K","0","382.05K","0","1"
"CPG","","382.0K","-88.42%","382.0K","0","382.0K","0","1"
"RGLD","","381.72K","-76.78%","0","0","0","0","1"
"BMRN","","381.13K","-98.14%","0","0","0","0","1"
"IGLB","","380.86K","-96.48%","0","0","0","0","1"
"CAE","","379.54K","-61.22%","0","379.54K","-379.54K","0","1"
"FPE","","379.11K","-91.41%","379.11K","0","379.11K","1","0"
"MAC","","378.89K","0%","0","378.89K","-378.89K","1","0"
"SHLS","","378.25K","-93.93%","378.25K","0","378.25K","0","1"
"AVAV","","377.97K","-88.16%","0","377.97K","-377.97K","0","1"
"RILY","","377.9K","-64.21%","0","377.9K","-377.9K","0","1"
"SEE","","377.83K","-96.61%","377.83K","0","377.83K","1","0"
"ZI","","376.52K","-95.56%","0","0","0","0","1"
"HAS","","375.85K","-92.29%","0","0","0","0","1"
"VYX","","375.8K","-62.81%","0","0","0","0","1"
"TER","","374.92K","-97.79%","374.92K","0","374.92K","0","1"
"TBT","","374.7K","-62.23%","374.7K","0","374.7K","0","1"
"JBT","","374.32K","-82.49%","0","0","0","0","1"
"SCCO","","373.8K","-88.23%","0","373.8K","-373.8K","0","1"
"TOST","","372.78K","-95.51%","0","0","0","1","0"
"XEL","","369.07K","-98.48%","0","0","0","0","1"
"TSLL","","368.83K","-93.89%","0","368.83K","-368.83K","0","1"
"LNN","","368.53K","-64.86%","0","0","0","1","0"
"STKL","","366.52K","-59.11%","366.52K","0","366.52K","0","1"
"KGC","","365.5K","-38.91%","365.5K","0","365.5K","0","1"
"MTW","","363.7K","-50.91%","363.7K","0","363.7K","0","1"
"FTI","","362.25K","-93.68%","0","0","0","0","1"
"MTZ","","362.22K","-91.84%","0","0","0","0","1"
"COLB","","361.05K","-92.98%","0","361.05K","-361.05K","1","0"
"BITI","","360.78K","0%","0","0","0","0","1"
"VYMI","","360.33K","-94.26%","0","0","0","0","1"
"NVT","","360.0K","-90.23%","0","0","0","0","1"
"QQQY","","359.66K","30.55%","359.66K","0","359.66K","0","1"
"KRP","","359.04K","0%","359.04K","0","359.04K","0","1"
"LQDH","","358.3K","-74.03%","358.3K","0","358.3K","0","1"
"CHRD","","358.12K","-78.7%","0","0","0","0","1"
"BNDD","","356.75K","-20.13%","356.75K","0","356.75K","0","1"
"DBA","","356.74K","-53.86%","0","0","0","0","1"
"BBVA","","356.37K","-85.0%","0","0","0","1","0"
"TU","","356.18K","-93.49%","0","356.18K","-356.18K","0","1"
"BWET","","353.4K","0%","353.4K","0","353.4K","0","1"
"ALGT","","351.44K","-85.97%","0","351.44K","-351.44K","1","0"
"NLY","","350.8K","-96.4%","0","350.8K","-350.8K","0","1"
"MNDY","","350.22K","-97.59%","0","350.22K","-350.22K","0","1"
"CPRI","","349.28K","-91.96%","0","0","0","0","1"
"MLTX","","348.0K","-78.01%","0","348.0K","-348.0K","0","1"
"GGG","","346.7K","-91.44%","0","346.7K","-346.7K","0","1"
"ALGN","","346.09K","-96.48%","0","0","0","0","1"
"CVEO","","345.68K","0%","345.68K","0","345.68K","0","1"
"SMMD","","345.44K","-82.46%","0","0","0","0","1"
"QDEL","","345.0K","-87.21%","0","345.0K","-345.0K","0","1"
"IEP","","344.45K","-69.9%","344.45K","0","344.45K","1","0"
"SH","","343.5K","-98.13%","0","343.5K","-343.5K","0","1"
"CHH","","342.88K","-16.65%","0","0","0","0","1"
"HRB","","342.74K","-89.64%","342.74K","0","342.74K","0","1"
"FAZ","","341.32K","-16.39%","341.32K","0","341.32K","0","1"
"BAM","","341.25K","-92.16%","0","0","0","0","1"
"PHB","","340.78K","0%","0","340.78K","-340.78K","0","1"
"FUBO","","340.21K","-54.97%","0","340.21K","-340.21K","0","1"
"FTXL","","338.78K","-91.16%","0","0","0","0","1"
"IAGG","","338.23K","-90.99%","0","338.23K","-338.23K","0","1"
"XSD","","338.18K","-85.12%","0","0","0","0","1"
"BFAM","","337.95K","-78.67%","0","0","0","0","1"
"MANH","","337.67K","-90.54%","337.67K","0","337.67K","0","1"
"RKLB","","336.43K","-66.78%","336.43K","0","336.43K","0","1"
"YYY","","335.36K","-73.85%","0","335.36K","-335.36K","0","1"
"WAB","","335.03K","-97.37%","335.03K","0","335.03K","0","1"
"JUST","","334.4K","-97.58%","0","334.4K","-334.4K","0","1"
"ZSL","","334.34K","-55.53%","0","334.34K","-334.34K","0","1"
"UBSI","","333.6K","-89.0%","333.6K","0","333.6K","0","1"
"AQN","","332.94K","-87.14%","0","332.94K","-332.94K","0","1"
"DFAX","","328.77K","-91.17%","0","0","0","0","1"
"DBC","","328.0K","-87.82%","0","0","0","0","1"
"SU","","327.5K","-98.69%","0","327.5K","-327.5K","0","1"
"EBND","","325.87K","-53.11%","325.87K","0","325.87K","0","1"
"VCR","","325.4K","-92.84%","0","325.4K","-325.4K","0","1"
"TAP","","324.0K","-86.89%","0","324.0K","-324.0K","0","1"
"STE","","323.68K","-78.34%","323.68K","0","323.68K","0","1"
"QLYS","","323.22K","-93.68%","0","323.22K","-323.22K","1","0"
"ALC","","322.1K","-96.39%","0","0","0","0","1"
"CFB","","322.06K","0%","0","322.06K","-322.06K","1","0"
"CDC","","320.94K","-91.58%","320.94K","0","320.94K","0","1"
"GIL","","320.55K","-74.95%","0","320.55K","-320.55K","0","1"
"CUK","","320.0K","-50.95%","0","320.0K","-320.0K","0","1"
"PTON","","319.42K","-54.5%","0","319.42K","-319.42K","0","1"
"RJF","","318.94K","-95.61%","318.94K","0","318.94K","0","1"
"SNPE","","318.6K","-31.58%","0","0","0","1","0"
"CRTO","","317.31K","-83.12%","0","0","0","0","1"
"HEFA","","317.02K","-93.05%","0","0","0","1","0"
"CRNC","","315.2K","-30.34%","315.2K","0","315.2K","1","0"
"LYG","","315.02K","-45.27%","315.02K","0","315.02K","0","1"
"PUK","","314.89K","10.53%","314.89K","0","314.89K","0","1"
"ICF","","314.21K","-95.41%","314.21K","0","314.21K","0","1"
"TMV","","314.15K","-97.24%","314.15K","0","314.15K","0","1"
"BWA","","313.89K","-94.69%","0","313.89K","-313.89K","0","1"
"WFRD","","311.27K","-90.35%","0","311.27K","-311.27K","1","0"
"HRL","","310.84K","-99.08%","310.84K","0","310.84K","0","1"
"JACK","","310.42K","-94.04%","0","310.42K","-310.42K","0","1"
"PHM","","309.23K","-95.61%","0","309.23K","-309.23K","0","1"
"BTG","","309.0K","-76.16%","309.0K","0","309.0K","0","1"
"AIRR","","308.46K","-42.86%","308.46K","0","308.46K","0","1"
"RGNX","","308.33K","-63.24%","0","308.33K","-308.33K","0","1"
"INVH","","308.05K","-98.08%","0","308.05K","-308.05K","1","0"
"BHVN","","306.95K","-91.94%","0","306.95K","-306.95K","0","1"
"CTRE","","306.36K","-74.68%","0","0","0","0","1"
"IGE","","306.01K","-86.55%","306.01K","0","306.01K","0","1"
"DFAU","","304.88K","-92.86%","304.88K","0","304.88K","0","1"
"XPOF","","304.75K","-87.46%","0","0","0","0","1"
"FHB","","303.78K","-88.42%","303.78K","0","303.78K","1","0"
"OSK","","302.55K","-72.35%","0","0","0","0","1"
"VIXY","","301.43K","-77.1%","0","301.43K","-301.43K","0","1"
"HYS","","301.38K","-84.5%","0","301.38K","-301.38K","0","1"
"IYZ","","300.7K","-93.74%","0","300.7K","-300.7K","0","1"
"EUFN","","300.6K","-38.06%","300.6K","0","300.6K","0","1"
"FUMB","","300.14K","7.86%","300.14K","0","300.14K","0","1"
"PFFA","","299.76K","0%","0","299.76K","-299.76K","0","1"
"PATH","","299.3K","-74.5%","0","299.3K","-299.3K","1","0"
"WES","","297.24K","-84.07%","0","297.24K","-297.24K","0","1"
"CHPT","","295.96K","-93.01%","0","0","0","0","1"
"CNX","","295.71K","-83.9%","0","295.71K","-295.71K","1","0"
"BGNE","","295.29K","-68.4%","295.29K","0","295.29K","0","1"
"IRM","","295.25K","-95.91%","295.25K","0","295.25K","0","1"
"FSK","","294.6K","-7.26%","0","294.6K","-294.6K","1","0"
"HOMB","","294.56K","-56.65%","294.56K","0","294.56K","1","0"
"AN","","293.39K","-29.59%","0","0","0","0","1"
"DFAR","","293.24K","-88.42%","293.24K","0","293.24K","0","1"
"WING","","292.74K","-94.8%","0","292.74K","-292.74K","0","1"
"PUBM","","291.87K","0%","291.87K","0","291.87K","0","1"
"SDOW","","291.35K","-62.73%","0","0","0","0","1"
"AVT","","291.32K","-81.73%","0","291.32K","-291.32K","1","0"
"TDW","","291.3K","-59.62%","291.3K","0","291.3K","0","1"
"VTR","","291.09K","-92.78%","0","291.09K","-291.09K","0","1"
"FIXD","","290.75K","-97.43%","0","0","0","0","1"
"VERX","","290.59K","-91.29%","0","0","0","0","1"
"PGTI","","290.51K","0%","290.51K","0","290.51K","1","0"
"CHKP","","290.11K","-92.37%","290.11K","0","290.11K","0","1"
"GPK","","289.96K","-88.82%","289.96K","0","289.96K","0","1"
"W","","289.44K","-98.32%","0","289.44K","-289.44K","0","1"
"STNE","","289.2K","-94.78%","0","289.2K","-289.2K","0","1"
"RPM","","288.85K","-38.57%","0","288.85K","-288.85K","0","1"
"DXC","","288.81K","-95.87%","0","0","0","0","1"
"VET","","288.72K","-50.93%","0","0","0","0","1"
"MPLX","","288.08K","-83.62%","288.08K","0","288.08K","0","1"
"BNL","","287.8K","-61.4%","0","287.8K","-287.8K","1","0"
"BCI","","286.73K","-66.9%","286.73K","0","286.73K","0","1"
"BSVO","","286.54K","-77.19%","286.54K","0","286.54K","0","1"
"TIXT","","286.41K","0%","0","286.41K","-286.41K","0","1"
"FNGS","","286.15K","-81.39%","0","286.15K","-286.15K","0","1"
"HSAI","","285.86K","0%","0","285.86K","-285.86K","0","1"
"JHX","","285.54K","-88.55%","285.54K","0","285.54K","1","0"
"FIW","","285.52K","-78.07%","285.52K","0","285.52K","0","1"
"CE","","285.23K","-95.2%","0","0","0","0","1"
"HP","","285.23K","-80.57%","0","0","0","0","1"
"SDIV","","285.22K","-55.88%","0","285.22K","-285.22K","0","1"
"CNP","","282.79K","-83.2%","282.79K","0","282.79K","0","1"
"UWM","","282.1K","-75.5%","282.1K","0","282.1K","0","1"
"PNR","","281.77K","-89.61%","281.77K","0","281.77K","0","1"
"BRO","","281.72K","-96.97%","0","281.72K","-281.72K","0","1"
"IVOG","","280.86K","-43.99%","280.86K","0","280.86K","0","1"
"EXPD","","280.68K","-93.97%","280.68K","0","280.68K","0","1"
"FTRE","","280.14K","-89.5%","0","280.14K","-280.14K","0","1"
"CBSH","","278.83K","-97.12%","0","278.83K","-278.83K","0","1"
"PSK","","278.72K","-55.68%","278.72K","0","278.72K","0","1"
"BRT","","276.13K","0%","276.13K","0","276.13K","1","0"
"RXST","","276.12K","-88.48%","0","0","0","0","1"
"GNRC","","276.07K","-95.42%","0","0","0","0","1"
"ERY","","276.0K","6.63%","276.0K","0","276.0K","0","1"
"ATKR","","275.94K","-98.03%","275.94K","0","275.94K","1","0"
"HOPE","","275.82K","-53.78%","0","275.82K","-275.82K","0","1"
"CGGR","","275.6K","-90.47%","275.6K","0","275.6K","0","1"
"WCC","","274.78K","-68.62%","274.78K","0","274.78K","0","1"
"SIL","","273.94K","0%","0","273.94K","-273.94K","0","1"
"WEAT","","273.68K","-79.54%","0","273.68K","-273.68K","0","1"
"AFYA","","273.63K","-68.8%","0","0","0","0","1"
"BXP","","272.41K","-96.35%","0","272.41K","-272.41K","0","1"
"AMX","","271.94K","-75.3%","271.94K","0","271.94K","1","0"
"RXRX","","270.61K","6.84%","0","270.61K","-270.61K","1","0"
"LEA","","269.81K","-80.45%","0","0","0","0","1"
"AVLV","","269.52K","-95.23%","269.52K","0","269.52K","0","1"
"IWX","","269.01K","-93.62%","0","0","0","0","1"
"RH","","268.94K","-93.42%","0","0","0","0","1"
"CFLT","","268.47K","-97.03%","0","268.47K","-268.47K","0","1"
"DFUS","","268.24K","-93.14%","268.24K","0","268.24K","0","1"
"IYT","","267.99K","-87.01%","0","267.99K","-267.99K","0","1"
"ZWS","","267.75K","-96.09%","267.75K","0","267.75K","1","0"
"AXSM","","267.43K","-94.14%","0","267.43K","-267.43K","0","1"
"MKC","","267.29K","-95.91%","267.29K","0","267.29K","0","1"
"JLL","","266.62K","-56.92%","266.62K","0","266.62K","0","1"
"DVA","","265.11K","-94.57%","0","265.11K","-265.11K","0","1"
"SILJ","","264.49K","-92.94%","264.49K","0","264.49K","0","1"
"PDS","","264.27K","-15.32%","0","264.27K","-264.27K","0","1"
"RMD","","263.77K","-96.46%","0","0","0","0","1"
"IRON","","263.62K","-92.45%","0","0","0","0","1"
"PBF","","263.03K","-98.4%","0","263.03K","-263.03K","1","0"
"CCU","","262.75K","-62.25%","262.75K","0","262.75K","0","1"
"RNR","","262.67K","-77.86%","0","0","0","0","1"
"BOTZ","","262.59K","-80.11%","0","0","0","0","1"
"POWL","","261.67K","-52.6%","0","0","0","0","1"
"BBH","","261.28K","-71.14%","261.28K","0","261.28K","0","1"
"CSGP","","260.78K","-97.95%","260.78K","0","260.78K","0","1"
"DO","","258.56K","-36.99%","258.56K","0","258.56K","1","0"
"IONS","","258.44K","-96.11%","0","258.44K","-258.44K","0","1"
"TSCO","","258.38K","-98.37%","0","258.38K","-258.38K","0","1"
"IAG","","258.11K","0%","0","0","0","0","1"
"LCID","","257.92K","-94.59%","0","0","0","0","1"
"EDR","","257.39K","-78.88%","0","0","0","0","1"
"TRMB","","255.93K","-95.82%","0","255.93K","-255.93K","0","1"
"FDL","","255.68K","-95.04%","0","255.68K","-255.68K","0","1"
"GNTX","","255.02K","-96.69%","255.02K","0","255.02K","1","0"
"SMB","","254.88K","-68.23%","0","254.88K","-254.88K","0","1"
"OZK","","254.46K","-86.33%","0","0","0","0","1"
"KD","","254.43K","-85.98%","0","0","0","0","1"
"TRP","","254.42K","-87.08%","0","0","0","0","1"
"RYLD","","254.14K","-89.03%","0","0","0","0","1"
"CSIQ","","254.04K","-13.02%","254.04K","0","254.04K","1","0"
"KTOS","","253.82K","-87.68%","253.82K","0","253.82K","0","1"
"YANG","","253.77K","-86.53%","0","0","0","0","1"
"UNFI","","253.73K","-31.77%","0","253.73K","-253.73K","0","1"
"RWT","","253.26K","-31.07%","0","0","0","0","1"
"SPDN","","253.08K","-93.66%","0","0","0","0","1"
"YETI","","253.04K","-84.89%","0","253.04K","-253.04K","0","1"
"SPB","","252.65K","-97.61%","0","0","0","0","1"
"HBAN","","252.08K","-89.17%","0","252.08K","-252.08K","0","1"
"AVY","","251.74K","-92.48%","0","251.74K","-251.74K","0","1"
"KOS","","251.67K","-84.66%","251.67K","0","251.67K","1","0"
"HUN","","251.36K","-82.05%","251.36K","0","251.36K","1","0"
"XMTR","","251.21K","-75.68%","0","0","0","0","1"
"HUT","","250.97K","0%","250.97K","0","250.97K","0","1"
"SFY","","250.35K","-51.61%","0","250.35K","-250.35K","0","1"